{
  "type": "FeatureCollection",
  "features": [
    {
      "type": "Feature",
      "properties": {
        "HA": 16866.0698679,
        "CONTRATO_1": "16-LOR-MAY/CON-MAD-2019-009   (Anexo 1)",
        "comprado": "Oroza",
        "py_carbono": "Loreto 2",
        "nombre": "Tacsha 10"
      },
      "geometry": {
        "type": "Polygon",
        "coordinates": [
          [
            [
              -74.56326,
              -2.294313
            ],
            [
              -74.563258,
              -2.301439
            ],
            [
              -74.608226,
              -2.301452
            ],
            [
              -74.653195,
              -2.301464
            ],
            [
              -74.698164,
              -2.301474
            ],
            [
              -74.698155,
              -2.34671
            ],
            [
              -74.698155,
              -2.346753
            ],
            [
              -74.698145,
              -2.391945
            ],
            [
              -74.698135,
              -2.43718
            ],
            [
              -74.698125,
              -2.482415
            ],
            [
              -74.698123,
              -2.489135
            ],
            [
              -74.699058,
              -2.489229
            ],
            [
              -74.699463,
              -2.490174
            ],
            [
              -74.700811,
              -2.488837
            ],
            [
              -74.701432,
              -2.488661
            ],
            [
              -74.701638,
              -2.487908
            ],
            [
              -74.702501,
              -2.487025
            ],
            [
              -74.702146,
              -2.486413
            ],
            [
              -74.70207,
              -2.48433
            ],
            [
              -74.703523,
              -2.483776
            ],
            [
              -74.704202,
              -2.483111
            ],
            [
              -74.704546,
              -2.482416
            ],
            [
              -74.704758,
              -2.48199
            ],
            [
              -74.704927,
              -2.480322
            ],
            [
              -74.70534,
              -2.479652
            ],
            [
              -74.705727,
              -2.479417
            ],
            [
              -74.706566,
              -2.479504
            ],
            [
              -74.706856,
              -2.479287
            ],
            [
              -74.706736,
              -2.478291
            ],
            [
              -74.705343,
              -2.477372
            ],
            [
              -74.705077,
              -2.47676
            ],
            [
              -74.706877,
              -2.475396
            ],
            [
              -74.707782,
              -2.474151
            ],
            [
              -74.707682,
              -2.472599
            ],
            [
              -74.707256,
              -2.471849
            ],
            [
              -74.707313,
              -2.471254
            ],
            [
              -74.707852,
              -2.470629
            ],
            [
              -74.707487,
              -2.470035
            ],
            [
              -74.708008,
              -2.469464
            ],
            [
              -74.70894,
              -2.469103
            ],
            [
              -74.709412,
              -2.468309
            ],
            [
              -74.710056,
              -2.468199
            ],
            [
              -74.710453,
              -2.466638
            ],
            [
              -74.710242,
              -2.465499
            ],
            [
              -74.710495,
              -2.465163
            ],
            [
              -74.710796,
              -2.464976
            ],
            [
              -74.711486,
              -2.465119
            ],
            [
              -74.712131,
              -2.464487
            ],
            [
              -74.712191,
              -2.463222
            ],
            [
              -74.713667,
              -2.462707
            ],
            [
              -74.713401,
              -2.461222
            ],
            [
              -74.713586,
              -2.460984
            ],
            [
              -74.71435,
              -2.460949
            ],
            [
              -74.714653,
              -2.460667
            ],
            [
              -74.715007,
              -2.459708
            ],
            [
              -74.71457,
              -2.459119
            ],
            [
              -74.715203,
              -2.458416
            ],
            [
              -74.715556,
              -2.457097
            ],
            [
              -74.715977,
              -2.456935
            ],
            [
              -74.717352,
              -2.457014
            ],
            [
              -74.718108,
              -2.456676
            ],
            [
              -74.719226,
              -2.457035
            ],
            [
              -74.720187,
              -2.456825
            ],
            [
              -74.720248,
              -2.454316
            ],
            [
              -74.721237,
              -2.452351
            ],
            [
              -74.720719,
              -2.451597
            ],
            [
              -74.721001,
              -2.450518
            ],
            [
              -74.720649,
              -2.449999
            ],
            [
              -74.720603,
              -2.449499
            ],
            [
              -74.72209,
              -2.44819
            ],
            [
              -74.722737,
              -2.446396
            ],
            [
              -74.723559,
              -2.444926
            ],
            [
              -74.723551,
              -2.444388
            ],
            [
              -74.723165,
              -2.444235
            ],
            [
              -74.722911,
              -2.443767
            ],
            [
              -74.72235,
              -2.443673
            ],
            [
              -74.722445,
              -2.442337
            ],
            [
              -74.721714,
              -2.441616
            ],
            [
              -74.72163,
              -2.441096
            ],
            [
              -74.722146,
              -2.439703
            ],
            [
              -74.721946,
              -2.438661
            ],
            [
              -74.722087,
              -2.437722
            ],
            [
              -74.722475,
              -2.437185
            ],
            [
              -74.724287,
              -2.434679
            ],
            [
              -74.724264,
              -2.434194
            ],
            [
              -74.723945,
              -2.433695
            ],
            [
              -74.724028,
              -2.433101
            ],
            [
              -74.727242,
              -2.430233
            ],
            [
              -74.727628,
              -2.42956
            ],
            [
              -74.727744,
              -2.428487
            ],
            [
              -74.728019,
              -2.428032
            ],
            [
              -74.731153,
              -2.426655
            ],
            [
              -74.733429,
              -2.424408
            ],
            [
              -74.734546,
              -2.422591
            ],
            [
              -74.735202,
              -2.420544
            ],
            [
              -74.736056,
              -2.420279
            ],
            [
              -74.737175,
              -2.418883
            ],
            [
              -74.737462,
              -2.417841
            ],
            [
              -74.737432,
              -2.416999
            ],
            [
              -74.738586,
              -2.415273
            ],
            [
              -74.738673,
              -2.413725
            ],
            [
              -74.740634,
              -2.411759
            ],
            [
              -74.741735,
              -2.411532
            ],
            [
              -74.743064,
              -2.411788
            ],
            [
              -74.743113,
              -2.411787
            ],
            [
              -74.743117,
              -2.391954
            ],
            [
              -74.743125,
              -2.346762
            ],
            [
              -74.743125,
              -2.346719
            ],
            [
              -74.743134,
              -2.301483
            ],
            [
              -74.721952,
              -2.301479
            ],
            [
              -74.721957,
              -2.276671
            ],
            [
              -74.722143,
              -2.276671
            ],
            [
              -74.722153,
              -2.225242
            ],
            [
              -74.699505,
              -2.228733
            ],
            [
              -74.56326,
              -2.294313
            ]
          ]
        ]
      }
    },
    {
      "type": "Feature",
      "properties": {
        "HA": 35561.8841976,
        "CONTRATO_1": "16-LOR-MAY/CON-MAD-2019-009   (Anexo 2)",
        "comprado": "Oroza",
        "py_carbono": "Loreto 2",
        "nombre": "Tacsha 10"
      },
      "geometry": {
        "type": "Polygon",
        "coordinates": [
          [
            [
              -74.653145,
              -2.501638
            ],
            [
              -74.652838,
              -2.501557
            ],
            [
              -74.651294,
              -2.503277
            ],
            [
              -74.651325,
              -2.503636
            ],
            [
              -74.652036,
              -2.504253
            ],
            [
              -74.651745,
              -2.504839
            ],
            [
              -74.649856,
              -2.504689
            ],
            [
              -74.647987,
              -2.505006
            ],
            [
              -74.647689,
              -2.504822
            ],
            [
              -74.647644,
              -2.504175
            ],
            [
              -74.64716,
              -2.503503
            ],
            [
              -74.646611,
              -2.503516
            ],
            [
              -74.645771,
              -2.50425
            ],
            [
              -74.6453,
              -2.503825
            ],
            [
              -74.644824,
              -2.503733
            ],
            [
              -74.643992,
              -2.504872
            ],
            [
              -74.643233,
              -2.504629
            ],
            [
              -74.642419,
              -2.505031
            ],
            [
              -74.641628,
              -2.506918
            ],
            [
              -74.641291,
              -2.506925
            ],
            [
              -74.641127,
              -2.506307
            ],
            [
              -74.640837,
              -2.50625
            ],
            [
              -74.640734,
              -2.507555
            ],
            [
              -74.640493,
              -2.507909
            ],
            [
              -74.639568,
              -2.507951
            ],
            [
              -74.63909,
              -2.507618
            ],
            [
              -74.638805,
              -2.507701
            ],
            [
              -74.638741,
              -2.508287
            ],
            [
              -74.639212,
              -2.50904
            ],
            [
              -74.638977,
              -2.509322
            ],
            [
              -74.638249,
              -2.508946
            ],
            [
              -74.637965,
              -2.507804
            ],
            [
              -74.637293,
              -2.50731
            ],
            [
              -74.636243,
              -2.507373
            ],
            [
              -74.63509,
              -2.50854
            ],
            [
              -74.6345,
              -2.508456
            ],
            [
              -74.634001,
              -2.508774
            ],
            [
              -74.633411,
              -2.508834
            ],
            [
              -74.633124,
              -2.508613
            ],
            [
              -74.632884,
              -2.507352
            ],
            [
              -74.632391,
              -2.507001
            ],
            [
              -74.631783,
              -2.507002
            ],
            [
              -74.630543,
              -2.508511
            ],
            [
              -74.629501,
              -2.508743
            ],
            [
              -74.629514,
              -2.510125
            ],
            [
              -74.629054,
              -2.510284
            ],
            [
              -74.628556,
              -2.509967
            ],
            [
              -74.62796,
              -2.509917
            ],
            [
              -74.627173,
              -2.510179
            ],
            [
              -74.627081,
              -2.51069
            ],
            [
              -74.627369,
              -2.511393
            ],
            [
              -74.627145,
              -2.511855
            ],
            [
              -74.626803,
              -2.511955
            ],
            [
              -74.626488,
              -2.511245
            ],
            [
              -74.626068,
              -2.510905
            ],
            [
              -74.625388,
              -2.511029
            ],
            [
              -74.624877,
              -2.512521
            ],
            [
              -74.625198,
              -2.513315
            ],
            [
              -74.624772,
              -2.513706
            ],
            [
              -74.623597,
              -2.513551
            ],
            [
              -74.622527,
              -2.513951
            ],
            [
              -74.622283,
              -2.513028
            ],
            [
              -74.621809,
              -2.51276
            ],
            [
              -74.620916,
              -2.513786
            ],
            [
              -74.619596,
              -2.51431
            ],
            [
              -74.618946,
              -2.515235
            ],
            [
              -74.618534,
              -2.515473
            ],
            [
              -74.617363,
              -2.514597
            ],
            [
              -74.616975,
              -2.513798
            ],
            [
              -74.616479,
              -2.513742
            ],
            [
              -74.616446,
              -2.514909
            ],
            [
              -74.615891,
              -2.515517
            ],
            [
              -74.616167,
              -2.516423
            ],
            [
              -74.615786,
              -2.517021
            ],
            [
              -74.615476,
              -2.517196
            ],
            [
              -74.613224,
              -2.517034
            ],
            [
              -74.613012,
              -2.517215
            ],
            [
              -74.613749,
              -2.518202
            ],
            [
              -74.613981,
              -2.519174
            ],
            [
              -74.613652,
              -2.519733
            ],
            [
              -74.612487,
              -2.520712
            ],
            [
              -74.612527,
              -2.521894
            ],
            [
              -74.61193,
              -2.523248
            ],
            [
              -74.611086,
              -2.524109
            ],
            [
              -74.609882,
              -2.524332
            ],
            [
              -74.608376,
              -2.524299
            ],
            [
              -74.608163,
              -2.524211
            ],
            [
              -74.608162,
              -2.527626
            ],
            [
              -74.608148,
              -2.572861
            ],
            [
              -74.608134,
              -2.618095
            ],
            [
              -74.608132,
              -2.618095
            ],
            [
              -74.563153,
              -2.61808
            ],
            [
              -74.563137,
              -2.663314
            ],
            [
              -74.563121,
              -2.708549
            ],
            [
              -74.563104,
              -2.753783
            ],
            [
              -74.563104,
              -2.753957
            ],
            [
              -74.563088,
              -2.759006
            ],
            [
              -74.584127,
              -2.765226
            ],
            [
              -74.633484,
              -2.760378
            ],
            [
              -74.653083,
              -2.720023
            ],
            [
              -74.705783,
              -2.695616
            ],
            [
              -74.710775,
              -2.666036
            ],
            [
              -74.743065,
              -2.644815
            ],
            [
              -74.743071,
              -2.61813
            ],
            [
              -74.698091,
              -2.61812
            ],
            [
              -74.698104,
              -2.572885
            ],
            [
              -74.698114,
              -2.52765
            ],
            [
              -74.698123,
              -2.490345
            ],
            [
              -74.697541,
              -2.490866
            ],
            [
              -74.696901,
              -2.490682
            ],
            [
              -74.696487,
              -2.490899
            ],
            [
              -74.696445,
              -2.491438
            ],
            [
              -74.696391,
              -2.492134
            ],
            [
              -74.695074,
              -2.493848
            ],
            [
              -74.693335,
              -2.493505
            ],
            [
              -74.693016,
              -2.49398
            ],
            [
              -74.693253,
              -2.494137
            ],
            [
              -74.693578,
              -2.494351
            ],
            [
              -74.693459,
              -2.49475
            ],
            [
              -74.692548,
              -2.494673
            ],
            [
              -74.692172,
              -2.495415
            ],
            [
              -74.691672,
              -2.495821
            ],
            [
              -74.691376,
              -2.49543
            ],
            [
              -74.691381,
              -2.495065
            ],
            [
              -74.690982,
              -2.494991
            ],
            [
              -74.690399,
              -2.49559
            ],
            [
              -74.690035,
              -2.496576
            ],
            [
              -74.688645,
              -2.49724
            ],
            [
              -74.687809,
              -2.497995
            ],
            [
              -74.68716,
              -2.497938
            ],
            [
              -74.686973,
              -2.497229
            ],
            [
              -74.68661,
              -2.497169
            ],
            [
              -74.686153,
              -2.497717
            ],
            [
              -74.686508,
              -2.498451
            ],
            [
              -74.686462,
              -2.498813
            ],
            [
              -74.686127,
              -2.499076
            ],
            [
              -74.685273,
              -2.498624
            ],
            [
              -74.684675,
              -2.499085
            ],
            [
              -74.684171,
              -2.498477
            ],
            [
              -74.683527,
              -2.499374
            ],
            [
              -74.6826,
              -2.4995
            ],
            [
              -74.682114,
              -2.499281
            ],
            [
              -74.681309,
              -2.498175
            ],
            [
              -74.680336,
              -2.49802
            ],
            [
              -74.679634,
              -2.498841
            ],
            [
              -74.678339,
              -2.498674
            ],
            [
              -74.676975,
              -2.499714
            ],
            [
              -74.675317,
              -2.499575
            ],
            [
              -74.673205,
              -2.500265
            ],
            [
              -74.672352,
              -2.500134
            ],
            [
              -74.66973,
              -2.502782
            ],
            [
              -74.669647,
              -2.503252
            ],
            [
              -74.668207,
              -2.504997
            ],
            [
              -74.667349,
              -2.504492
            ],
            [
              -74.666166,
              -2.50522
            ],
            [
              -74.665923,
              -2.505056
            ],
            [
              -74.665851,
              -2.504417
            ],
            [
              -74.664918,
              -2.504344
            ],
            [
              -74.663882,
              -2.50523
            ],
            [
              -74.663593,
              -2.506302
            ],
            [
              -74.663019,
              -2.506784
            ],
            [
              -74.662366,
              -2.506662
            ],
            [
              -74.661692,
              -2.506171
            ],
            [
              -74.660766,
              -2.504921
            ],
            [
              -74.66054,
              -2.503876
            ],
            [
              -74.659763,
              -2.503973
            ],
            [
              -74.659836,
              -2.502945
            ],
            [
              -74.658524,
              -2.502805
            ],
            [
              -74.657177,
              -2.503066
            ],
            [
              -74.656453,
              -2.502613
            ],
            [
              -74.655631,
              -2.50319
            ],
            [
              -74.655157,
              -2.503262
            ],
            [
              -74.653995,
              -2.502783
            ],
            [
              -74.653298,
              -2.501678
            ],
            [
              -74.653145,
              -2.501638
            ]
          ]
        ]
      }
    },
    {
      "type": "Feature",
      "properties": {
        "HA": 30199.6950897,
        "CONTRATO_1": "16-IQU/C-J-238-04",
        "comprado": "Netrimac",
        "py_carbono": "Loreto 2",
        "nombre": "Tacsha 13"
      },
      "geometry": {
        "type": "Polygon",
        "coordinates": [
          [
            [
              -74.248387,
              -2.484046
            ],
            [
              -74.248091,
              -2.484192
            ],
            [
              -74.247661,
              -2.484186
            ],
            [
              -74.247514,
              -2.483921
            ],
            [
              -74.247456,
              -2.482702
            ],
            [
              -74.246278,
              -2.482576
            ],
            [
              -74.245595,
              -2.482936
            ],
            [
              -74.245567,
              -2.483309
            ],
            [
              -74.24653,
              -2.483579
            ],
            [
              -74.246838,
              -2.484074
            ],
            [
              -74.246199,
              -2.485148
            ],
            [
              -74.245137,
              -2.485656
            ],
            [
              -74.244747,
              -2.486104
            ],
            [
              -74.244815,
              -2.486441
            ],
            [
              -74.24597,
              -2.486963
            ],
            [
              -74.245852,
              -2.487401
            ],
            [
              -74.245247,
              -2.48786
            ],
            [
              -74.243786,
              -2.488361
            ],
            [
              -74.243418,
              -2.488198
            ],
            [
              -74.243409,
              -2.487509
            ],
            [
              -74.242886,
              -2.487382
            ],
            [
              -74.242264,
              -2.488139
            ],
            [
              -74.242415,
              -2.488682
            ],
            [
              -74.244024,
              -2.48945
            ],
            [
              -74.244343,
              -2.489808
            ],
            [
              -74.243972,
              -2.490422
            ],
            [
              -74.242954,
              -2.490874
            ],
            [
              -74.242664,
              -2.491327
            ],
            [
              -74.242801,
              -2.491895
            ],
            [
              -74.243502,
              -2.492544
            ],
            [
              -74.243341,
              -2.492985
            ],
            [
              -74.242902,
              -2.49309
            ],
            [
              -74.242048,
              -2.492446
            ],
            [
              -74.241524,
              -2.492791
            ],
            [
              -74.241634,
              -2.49318
            ],
            [
              -74.242542,
              -2.494043
            ],
            [
              -74.242513,
              -2.494864
            ],
            [
              -74.241434,
              -2.494991
            ],
            [
              -74.241378,
              -2.495848
            ],
            [
              -74.240161,
              -2.496296
            ],
            [
              -74.239564,
              -2.497316
            ],
            [
              -74.239107,
              -2.497698
            ],
            [
              -74.238755,
              -2.497511
            ],
            [
              -74.238652,
              -2.496926
            ],
            [
              -74.238368,
              -2.496706
            ],
            [
              -74.238019,
              -2.496712
            ],
            [
              -74.237653,
              -2.497104
            ],
            [
              -74.237691,
              -2.497861
            ],
            [
              -74.238181,
              -2.4983
            ],
            [
              -74.239296,
              -2.498648
            ],
            [
              -74.239759,
              -2.499933
            ],
            [
              -74.238588,
              -2.499997
            ],
            [
              -74.237553,
              -2.499578
            ],
            [
              -74.236843,
              -2.499696
            ],
            [
              -74.236331,
              -2.500932
            ],
            [
              -74.235528,
              -2.501711
            ],
            [
              -74.235609,
              -2.502564
            ],
            [
              -74.23499,
              -2.502232
            ],
            [
              -74.234618,
              -2.501562
            ],
            [
              -74.234015,
              -2.501777
            ],
            [
              -74.233857,
              -2.502782
            ],
            [
              -74.234628,
              -2.504393
            ],
            [
              -74.234554,
              -2.505368
            ],
            [
              -74.234057,
              -2.505412
            ],
            [
              -74.23322,
              -2.504652
            ],
            [
              -74.232702,
              -2.504492
            ],
            [
              -74.23231,
              -2.504935
            ],
            [
              -74.232333,
              -2.505862
            ],
            [
              -74.231949,
              -2.505741
            ],
            [
              -74.231487,
              -2.505057
            ],
            [
              -74.2312,
              -2.504985
            ],
            [
              -74.230393,
              -2.505892
            ],
            [
              -74.22926,
              -2.505805
            ],
            [
              -74.22887,
              -2.505965
            ],
            [
              -74.228614,
              -2.506531
            ],
            [
              -74.228972,
              -2.507424
            ],
            [
              -74.228628,
              -2.507748
            ],
            [
              -74.228128,
              -2.507348
            ],
            [
              -74.226981,
              -2.507042
            ],
            [
              -74.226348,
              -2.50632
            ],
            [
              -74.22595,
              -2.506181
            ],
            [
              -74.224759,
              -2.506841
            ],
            [
              -74.224412,
              -2.507972
            ],
            [
              -74.22404,
              -2.508358
            ],
            [
              -74.223581,
              -2.508324
            ],
            [
              -74.223174,
              -2.507697
            ],
            [
              -74.222865,
              -2.507773
            ],
            [
              -74.221669,
              -2.509497
            ],
            [
              -74.220384,
              -2.509911
            ],
            [
              -74.220056,
              -2.510267
            ],
            [
              -74.220011,
              -2.510974
            ],
            [
              -74.22065,
              -2.511663
            ],
            [
              -74.220433,
              -2.51237
            ],
            [
              -74.220143,
              -2.512364
            ],
            [
              -74.219378,
              -2.51158
            ],
            [
              -74.218869,
              -2.511934
            ],
            [
              -74.218885,
              -2.512296
            ],
            [
              -74.21992,
              -2.514104
            ],
            [
              -74.219884,
              -2.515067
            ],
            [
              -74.219663,
              -2.515352
            ],
            [
              -74.219282,
              -2.515353
            ],
            [
              -74.218633,
              -2.51496
            ],
            [
              -74.21825,
              -2.515135
            ],
            [
              -74.2179,
              -2.51554
            ],
            [
              -74.21826,
              -2.516675
            ],
            [
              -74.217447,
              -2.51715
            ],
            [
              -74.217336,
              -2.517417
            ],
            [
              -74.21831,
              -2.51839
            ],
            [
              -74.218282,
              -2.519308
            ],
            [
              -74.217915,
              -2.51985
            ],
            [
              -74.217624,
              -2.519902
            ],
            [
              -74.217285,
              -2.519649
            ],
            [
              -74.217249,
              -2.518582
            ],
            [
              -74.216875,
              -2.518331
            ],
            [
              -74.216156,
              -2.518727
            ],
            [
              -74.216106,
              -2.519364
            ],
            [
              -74.215683,
              -2.519945
            ],
            [
              -74.214994,
              -2.519961
            ],
            [
              -74.214079,
              -2.520612
            ],
            [
              -74.213668,
              -2.520633
            ],
            [
              -74.212924,
              -2.519769
            ],
            [
              -74.212581,
              -2.519911
            ],
            [
              -74.212369,
              -2.520276
            ],
            [
              -74.212431,
              -2.520821
            ],
            [
              -74.21336,
              -2.522041
            ],
            [
              -74.212989,
              -2.523093
            ],
            [
              -74.213251,
              -2.523748
            ],
            [
              -74.213167,
              -2.524278
            ],
            [
              -74.212848,
              -2.524402
            ],
            [
              -74.21193,
              -2.523455
            ],
            [
              -74.211645,
              -2.523652
            ],
            [
              -74.211578,
              -2.525072
            ],
            [
              -74.211275,
              -2.52586
            ],
            [
              -74.210357,
              -2.525925
            ],
            [
              -74.209947,
              -2.527368
            ],
            [
              -74.209887,
              -2.527444
            ],
            [
              -74.209454,
              -2.527995
            ],
            [
              -74.209042,
              -2.528149
            ],
            [
              -74.208253,
              -2.52804
            ],
            [
              -74.207297,
              -2.527442
            ],
            [
              -74.206497,
              -2.527614
            ],
            [
              -74.206511,
              -2.528355
            ],
            [
              -74.207209,
              -2.528356
            ],
            [
              -74.207382,
              -2.528781
            ],
            [
              -74.20688,
              -2.529893
            ],
            [
              -74.206115,
              -2.529594
            ],
            [
              -74.205831,
              -2.529214
            ],
            [
              -74.205876,
              -2.527613
            ],
            [
              -74.205574,
              -2.527441
            ],
            [
              -74.205505,
              -2.527441
            ],
            [
              -74.205447,
              -2.527441
            ],
            [
              -74.205112,
              -2.527631
            ],
            [
              -74.204674,
              -2.528589
            ],
            [
              -74.204786,
              -2.529955
            ],
            [
              -74.205329,
              -2.530815
            ],
            [
              -74.20501,
              -2.531376
            ],
            [
              -74.204995,
              -2.531376
            ],
            [
              -74.204607,
              -2.531385
            ],
            [
              -74.204355,
              -2.531149
            ],
            [
              -74.203811,
              -2.530217
            ],
            [
              -74.203678,
              -2.529385
            ],
            [
              -74.203948,
              -2.52829
            ],
            [
              -74.203565,
              -2.527539
            ],
            [
              -74.203387,
              -2.527729
            ],
            [
              -74.203337,
              -2.527783
            ],
            [
              -74.203337,
              -2.527784
            ],
            [
              -74.20236,
              -2.528821
            ],
            [
              -74.201171,
              -2.528341
            ],
            [
              -74.199768,
              -2.528768
            ],
            [
              -74.199719,
              -2.529299
            ],
            [
              -74.199962,
              -2.529846
            ],
            [
              -74.20091,
              -2.53086
            ],
            [
              -74.200383,
              -2.531427
            ],
            [
              -74.199188,
              -2.531781
            ],
            [
              -74.19889,
              -2.532128
            ],
            [
              -74.198924,
              -2.532678
            ],
            [
              -74.199974,
              -2.532942
            ],
            [
              -74.199781,
              -2.534606
            ],
            [
              -74.200202,
              -2.534953
            ],
            [
              -74.200895,
              -2.535041
            ],
            [
              -74.200968,
              -2.535618
            ],
            [
              -74.200337,
              -2.536338
            ],
            [
              -74.19991,
              -2.535872
            ],
            [
              -74.199393,
              -2.536021
            ],
            [
              -74.199249,
              -2.536866
            ],
            [
              -74.198495,
              -2.53719
            ],
            [
              -74.198744,
              -2.537994
            ],
            [
              -74.198426,
              -2.538342
            ],
            [
              -74.198097,
              -2.538269
            ],
            [
              -74.197533,
              -2.537538
            ],
            [
              -74.196296,
              -2.538241
            ],
            [
              -74.196128,
              -2.538695
            ],
            [
              -74.196759,
              -2.539118
            ],
            [
              -74.19679,
              -2.539425
            ],
            [
              -74.196289,
              -2.539927
            ],
            [
              -74.195461,
              -2.540192
            ],
            [
              -74.195169,
              -2.541232
            ],
            [
              -74.195331,
              -2.541877
            ],
            [
              -74.196562,
              -2.540943
            ],
            [
              -74.197061,
              -2.541073
            ],
            [
              -74.197084,
              -2.54155
            ],
            [
              -74.196281,
              -2.54251
            ],
            [
              -74.196213,
              -2.542864
            ],
            [
              -74.19671,
              -2.543376
            ],
            [
              -74.198003,
              -2.543631
            ],
            [
              -74.19785,
              -2.544049
            ],
            [
              -74.196853,
              -2.544804
            ],
            [
              -74.196785,
              -2.545163
            ],
            [
              -74.197126,
              -2.546117
            ],
            [
              -74.198052,
              -2.546488
            ],
            [
              -74.198236,
              -2.546907
            ],
            [
              -74.197846,
              -2.547286
            ],
            [
              -74.196704,
              -2.547421
            ],
            [
              -74.195636,
              -2.54677
            ],
            [
              -74.193992,
              -2.547594
            ],
            [
              -74.193672,
              -2.548207
            ],
            [
              -74.194118,
              -2.549533
            ],
            [
              -74.193633,
              -2.550931
            ],
            [
              -74.19288,
              -2.551772
            ],
            [
              -74.192165,
              -2.551957
            ],
            [
              -74.191253,
              -2.55271
            ],
            [
              -74.190333,
              -2.552869
            ],
            [
              -74.190414,
              -2.553421
            ],
            [
              -74.191743,
              -2.554095
            ],
            [
              -74.192615,
              -2.554974
            ],
            [
              -74.192334,
              -2.555354
            ],
            [
              -74.191365,
              -2.55562
            ],
            [
              -74.190245,
              -2.556663
            ],
            [
              -74.189363,
              -2.556849
            ],
            [
              -74.188961,
              -2.55654
            ],
            [
              -74.188425,
              -2.556605
            ],
            [
              -74.187874,
              -2.559781
            ],
            [
              -74.18835,
              -2.561952
            ],
            [
              -74.188306,
              -2.562684
            ],
            [
              -74.18723,
              -2.562987
            ],
            [
              -74.186521,
              -2.563622
            ],
            [
              -74.185911,
              -2.563818
            ],
            [
              -74.185618,
              -2.563372
            ],
            [
              -74.185802,
              -2.562091
            ],
            [
              -74.185162,
              -2.56185
            ],
            [
              -74.183464,
              -2.563698
            ],
            [
              -74.183372,
              -2.564233
            ],
            [
              -74.183802,
              -2.564557
            ],
            [
              -74.185812,
              -2.564627
            ],
            [
              -74.186557,
              -2.564847
            ],
            [
              -74.186953,
              -2.565203
            ],
            [
              -74.186965,
              -2.565644
            ],
            [
              -74.186647,
              -2.565994
            ],
            [
              -74.184462,
              -2.566777
            ],
            [
              -74.183935,
              -2.567335
            ],
            [
              -74.183709,
              -2.568311
            ],
            [
              -74.18434,
              -2.568444
            ],
            [
              -74.184485,
              -2.568766
            ],
            [
              -74.183765,
              -2.56955
            ],
            [
              -74.184166,
              -2.570372
            ],
            [
              -74.183441,
              -2.571126
            ],
            [
              -74.183178,
              -2.572241
            ],
            [
              -74.182261,
              -2.572658
            ],
            [
              -74.203309,
              -2.572671
            ],
            [
              -74.20336,
              -2.572671
            ],
            [
              -74.248334,
              -2.572698
            ],
            [
              -74.248307,
              -2.61793
            ],
            [
              -74.293284,
              -2.617956
            ],
            [
              -74.293309,
              -2.572724
            ],
            [
              -74.338285,
              -2.572749
            ],
            [
              -74.383261,
              -2.572771
            ],
            [
              -74.383282,
              -2.527538
            ],
            [
              -74.383303,
              -2.482305
            ],
            [
              -74.383324,
              -2.437072
            ],
            [
              -74.383324,
              -2.436845
            ],
            [
              -74.383343,
              -2.396027
            ],
            [
              -74.383343,
              -2.396025
            ],
            [
              -74.381651,
              -2.395453
            ],
            [
              -74.380762,
              -2.395571
            ],
            [
              -74.37984,
              -2.396048
            ],
            [
              -74.377289,
              -2.395261
            ],
            [
              -74.374266,
              -2.395429
            ],
            [
              -74.373391,
              -2.395257
            ],
            [
              -74.372775,
              -2.395589
            ],
            [
              -74.372526,
              -2.395438
            ],
            [
              -74.372424,
              -2.394853
            ],
            [
              -74.372024,
              -2.394686
            ],
            [
              -74.371167,
              -2.395937
            ],
            [
              -74.37023,
              -2.396033
            ],
            [
              -74.370003,
              -2.39665
            ],
            [
              -74.369221,
              -2.397064
            ],
            [
              -74.368953,
              -2.397863
            ],
            [
              -74.368582,
              -2.398233
            ],
            [
              -74.368651,
              -2.398953
            ],
            [
              -74.368491,
              -2.399178
            ],
            [
              -74.366906,
              -2.399155
            ],
            [
              -74.366514,
              -2.398541
            ],
            [
              -74.366581,
              -2.39747
            ],
            [
              -74.365995,
              -2.397153
            ],
            [
              -74.365301,
              -2.397948
            ],
            [
              -74.364243,
              -2.398099
            ],
            [
              -74.363083,
              -2.399017
            ],
            [
              -74.362334,
              -2.398972
            ],
            [
              -74.362252,
              -2.398258
            ],
            [
              -74.361958,
              -2.397957
            ],
            [
              -74.360955,
              -2.398515
            ],
            [
              -74.360035,
              -2.398189
            ],
            [
              -74.359541,
              -2.398529
            ],
            [
              -74.358998,
              -2.399853
            ],
            [
              -74.358529,
              -2.400243
            ],
            [
              -74.357839,
              -2.39995
            ],
            [
              -74.357011,
              -2.400028
            ],
            [
              -74.356293,
              -2.399766
            ],
            [
              -74.355613,
              -2.399951
            ],
            [
              -74.355462,
              -2.400698
            ],
            [
              -74.354892,
              -2.401541
            ],
            [
              -74.354849,
              -2.402711
            ],
            [
              -74.35449,
              -2.40303
            ],
            [
              -74.354121,
              -2.403055
            ],
            [
              -74.353139,
              -2.402104
            ],
            [
              -74.352776,
              -2.402203
            ],
            [
              -74.35266,
              -2.405297
            ],
            [
              -74.351371,
              -2.407835
            ],
            [
              -74.350393,
              -2.408551
            ],
            [
              -74.350499,
              -2.409316
            ],
            [
              -74.351013,
              -2.409968
            ],
            [
              -74.350942,
              -2.410731
            ],
            [
              -74.350556,
              -2.411014
            ],
            [
              -74.349965,
              -2.41108
            ],
            [
              -74.349452,
              -2.410786
            ],
            [
              -74.348898,
              -2.41008
            ],
            [
              -74.348398,
              -2.410105
            ],
            [
              -74.348365,
              -2.410522
            ],
            [
              -74.348606,
              -2.410895
            ],
            [
              -74.348404,
              -2.41171
            ],
            [
              -74.346869,
              -2.412909
            ],
            [
              -74.346215,
              -2.413761
            ],
            [
              -74.346228,
              -2.415784
            ],
            [
              -74.344953,
              -2.416238
            ],
            [
              -74.344511,
              -2.417
            ],
            [
              -74.343764,
              -2.417668
            ],
            [
              -74.34376,
              -2.418145
            ],
            [
              -74.344363,
              -2.418496
            ],
            [
              -74.344372,
              -2.418867
            ],
            [
              -74.343088,
              -2.418893
            ],
            [
              -74.341217,
              -2.419468
            ],
            [
              -74.340991,
              -2.419942
            ],
            [
              -74.341567,
              -2.420608
            ],
            [
              -74.341405,
              -2.421038
            ],
            [
              -74.339669,
              -2.421751
            ],
            [
              -74.338964,
              -2.421838
            ],
            [
              -74.338279,
              -2.422423
            ],
            [
              -74.337162,
              -2.422367
            ],
            [
              -74.336345,
              -2.422839
            ],
            [
              -74.334341,
              -2.422831
            ],
            [
              -74.334182,
              -2.422657
            ],
            [
              -74.334194,
              -2.422359
            ],
            [
              -74.334883,
              -2.422052
            ],
            [
              -74.335095,
              -2.42162
            ],
            [
              -74.334886,
              -2.420157
            ],
            [
              -74.334096,
              -2.420442
            ],
            [
              -74.33378,
              -2.421123
            ],
            [
              -74.33304,
              -2.42151
            ],
            [
              -74.332452,
              -2.421461
            ],
            [
              -74.33185,
              -2.420894
            ],
            [
              -74.331211,
              -2.421016
            ],
            [
              -74.33084,
              -2.421336
            ],
            [
              -74.331142,
              -2.422297
            ],
            [
              -74.330926,
              -2.422628
            ],
            [
              -74.32998,
              -2.422261
            ],
            [
              -74.328522,
              -2.420952
            ],
            [
              -74.328219,
              -2.421004
            ],
            [
              -74.326615,
              -2.421722
            ],
            [
              -74.325862,
              -2.422455
            ],
            [
              -74.326455,
              -2.424454
            ],
            [
              -74.325953,
              -2.424836
            ],
            [
              -74.325358,
              -2.424616
            ],
            [
              -74.324981,
              -2.423678
            ],
            [
              -74.324503,
              -2.42331
            ],
            [
              -74.322672,
              -2.423295
            ],
            [
              -74.319961,
              -2.423913
            ],
            [
              -74.319075,
              -2.423896
            ],
            [
              -74.318872,
              -2.423351
            ],
            [
              -74.319488,
              -2.422551
            ],
            [
              -74.319557,
              -2.422028
            ],
            [
              -74.319266,
              -2.421822
            ],
            [
              -74.318739,
              -2.421879
            ],
            [
              -74.318154,
              -2.422471
            ],
            [
              -74.317795,
              -2.42342
            ],
            [
              -74.316937,
              -2.424066
            ],
            [
              -74.316272,
              -2.424293
            ],
            [
              -74.316039,
              -2.423747
            ],
            [
              -74.315687,
              -2.423626
            ],
            [
              -74.315238,
              -2.423929
            ],
            [
              -74.315031,
              -2.424803
            ],
            [
              -74.314414,
              -2.42453
            ],
            [
              -74.314216,
              -2.424638
            ],
            [
              -74.314019,
              -2.42501
            ],
            [
              -74.314028,
              -2.426384
            ],
            [
              -74.313402,
              -2.4259
            ],
            [
              -74.313106,
              -2.425921
            ],
            [
              -74.31282,
              -2.42706
            ],
            [
              -74.31248,
              -2.427379
            ],
            [
              -74.311768,
              -2.426692
            ],
            [
              -74.311525,
              -2.426831
            ],
            [
              -74.311227,
              -2.427842
            ],
            [
              -74.31206,
              -2.42806
            ],
            [
              -74.312147,
              -2.428352
            ],
            [
              -74.311297,
              -2.429177
            ],
            [
              -74.309472,
              -2.430266
            ],
            [
              -74.309005,
              -2.4315
            ],
            [
              -74.309408,
              -2.431815
            ],
            [
              -74.309316,
              -2.432152
            ],
            [
              -74.308027,
              -2.433367
            ],
            [
              -74.30775,
              -2.433217
            ],
            [
              -74.307567,
              -2.432584
            ],
            [
              -74.306925,
              -2.432925
            ],
            [
              -74.307039,
              -2.43415
            ],
            [
              -74.307867,
              -2.435163
            ],
            [
              -74.30753,
              -2.436441
            ],
            [
              -74.306616,
              -2.436582
            ],
            [
              -74.304346,
              -2.435737
            ],
            [
              -74.303723,
              -2.436079
            ],
            [
              -74.302801,
              -2.437279
            ],
            [
              -74.302272,
              -2.437192
            ],
            [
              -74.301893,
              -2.436582
            ],
            [
              -74.301389,
              -2.436767
            ],
            [
              -74.301008,
              -2.438244
            ],
            [
              -74.300351,
              -2.439022
            ],
            [
              -74.298619,
              -2.440264
            ],
            [
              -74.298037,
              -2.442061
            ],
            [
              -74.297278,
              -2.44321
            ],
            [
              -74.29601,
              -2.443708
            ],
            [
              -74.295064,
              -2.44468
            ],
            [
              -74.294514,
              -2.444211
            ],
            [
              -74.294848,
              -2.443088
            ],
            [
              -74.294728,
              -2.442703
            ],
            [
              -74.293397,
              -2.443541
            ],
            [
              -74.293321,
              -2.443875
            ],
            [
              -74.293772,
              -2.444171
            ],
            [
              -74.2944,
              -2.445848
            ],
            [
              -74.294246,
              -2.446026
            ],
            [
              -74.293598,
              -2.445791
            ],
            [
              -74.293146,
              -2.44595
            ],
            [
              -74.293037,
              -2.44701
            ],
            [
              -74.292684,
              -2.447493
            ],
            [
              -74.290491,
              -2.44771
            ],
            [
              -74.288951,
              -2.448163
            ],
            [
              -74.288769,
              -2.448466
            ],
            [
              -74.289019,
              -2.448841
            ],
            [
              -74.288915,
              -2.449295
            ],
            [
              -74.287231,
              -2.449385
            ],
            [
              -74.287332,
              -2.45043
            ],
            [
              -74.286892,
              -2.451043
            ],
            [
              -74.286084,
              -2.450658
            ],
            [
              -74.285763,
              -2.449723
            ],
            [
              -74.284787,
              -2.450269
            ],
            [
              -74.284671,
              -2.450017
            ],
            [
              -74.284882,
              -2.449221
            ],
            [
              -74.284024,
              -2.448471
            ],
            [
              -74.283564,
              -2.448565
            ],
            [
              -74.283367,
              -2.449741
            ],
            [
              -74.283031,
              -2.449902
            ],
            [
              -74.282914,
              -2.448255
            ],
            [
              -74.282431,
              -2.448003
            ],
            [
              -74.281854,
              -2.448608
            ],
            [
              -74.282248,
              -2.450478
            ],
            [
              -74.28216,
              -2.451048
            ],
            [
              -74.281317,
              -2.451185
            ],
            [
              -74.280809,
              -2.451029
            ],
            [
              -74.280805,
              -2.450519
            ],
            [
              -74.281242,
              -2.449732
            ],
            [
              -74.281011,
              -2.449252
            ],
            [
              -74.280776,
              -2.449266
            ],
            [
              -74.280257,
              -2.449947
            ],
            [
              -74.280049,
              -2.45201
            ],
            [
              -74.281028,
              -2.452556
            ],
            [
              -74.281185,
              -2.453086
            ],
            [
              -74.279285,
              -2.454549
            ],
            [
              -74.278401,
              -2.454573
            ],
            [
              -74.278198,
              -2.4539
            ],
            [
              -74.277828,
              -2.453766
            ],
            [
              -74.275877,
              -2.453965
            ],
            [
              -74.275771,
              -2.454304
            ],
            [
              -74.276269,
              -2.454703
            ],
            [
              -74.275902,
              -2.455133
            ],
            [
              -74.273708,
              -2.454794
            ],
            [
              -74.273556,
              -2.455103
            ],
            [
              -74.273731,
              -2.455539
            ],
            [
              -74.273682,
              -2.456499
            ],
            [
              -74.272566,
              -2.458033
            ],
            [
              -74.271974,
              -2.457907
            ],
            [
              -74.271683,
              -2.457393
            ],
            [
              -74.271205,
              -2.457167
            ],
            [
              -74.271,
              -2.457395
            ],
            [
              -74.271051,
              -2.457916
            ],
            [
              -74.270657,
              -2.458176
            ],
            [
              -74.268874,
              -2.457093
            ],
            [
              -74.267056,
              -2.456627
            ],
            [
              -74.266544,
              -2.457177
            ],
            [
              -74.267135,
              -2.457729
            ],
            [
              -74.266897,
              -2.458476
            ],
            [
              -74.267126,
              -2.458547
            ],
            [
              -74.267444,
              -2.458296
            ],
            [
              -74.267734,
              -2.458479
            ],
            [
              -74.267315,
              -2.459153
            ],
            [
              -74.265205,
              -2.459856
            ],
            [
              -74.264092,
              -2.459834
            ],
            [
              -74.26355,
              -2.459547
            ],
            [
              -74.263475,
              -2.459076
            ],
            [
              -74.263925,
              -2.458111
            ],
            [
              -74.263716,
              -2.457797
            ],
            [
              -74.263362,
              -2.457762
            ],
            [
              -74.262639,
              -2.458291
            ],
            [
              -74.262184,
              -2.459387
            ],
            [
              -74.261162,
              -2.460375
            ],
            [
              -74.261208,
              -2.460799
            ],
            [
              -74.261762,
              -2.461411
            ],
            [
              -74.261551,
              -2.461965
            ],
            [
              -74.260875,
              -2.461974
            ],
            [
              -74.259933,
              -2.460834
            ],
            [
              -74.259486,
              -2.461068
            ],
            [
              -74.259639,
              -2.462769
            ],
            [
              -74.260729,
              -2.463223
            ],
            [
              -74.260815,
              -2.463491
            ],
            [
              -74.259231,
              -2.463843
            ],
            [
              -74.258246,
              -2.465765
            ],
            [
              -74.257872,
              -2.465639
            ],
            [
              -74.257776,
              -2.464209
            ],
            [
              -74.257368,
              -2.463948
            ],
            [
              -74.256847,
              -2.464011
            ],
            [
              -74.255486,
              -2.46475
            ],
            [
              -74.255396,
              -2.465159
            ],
            [
              -74.255762,
              -2.465543
            ],
            [
              -74.257369,
              -2.466034
            ],
            [
              -74.25786,
              -2.467436
            ],
            [
              -74.257665,
              -2.467679
            ],
            [
              -74.256245,
              -2.467611
            ],
            [
              -74.255654,
              -2.467898
            ],
            [
              -74.255433,
              -2.46817
            ],
            [
              -74.255536,
              -2.46864
            ],
            [
              -74.256594,
              -2.469273
            ],
            [
              -74.255906,
              -2.469913
            ],
            [
              -74.254062,
              -2.470737
            ],
            [
              -74.253539,
              -2.471309
            ],
            [
              -74.253664,
              -2.47182
            ],
            [
              -74.255798,
              -2.471749
            ],
            [
              -74.256327,
              -2.472178
            ],
            [
              -74.255962,
              -2.472872
            ],
            [
              -74.254651,
              -2.473229
            ],
            [
              -74.254171,
              -2.473586
            ],
            [
              -74.25417,
              -2.474061
            ],
            [
              -74.254456,
              -2.474469
            ],
            [
              -74.255622,
              -2.474438
            ],
            [
              -74.255847,
              -2.47474
            ],
            [
              -74.255556,
              -2.475122
            ],
            [
              -74.254847,
              -2.475131
            ],
            [
              -74.254247,
              -2.475516
            ],
            [
              -74.254176,
              -2.47605
            ],
            [
              -74.254917,
              -2.476549
            ],
            [
              -74.254881,
              -2.476963
            ],
            [
              -74.253577,
              -2.477132
            ],
            [
              -74.253529,
              -2.47889
            ],
            [
              -74.251773,
              -2.480535
            ],
            [
              -74.251923,
              -2.481518
            ],
            [
              -74.252752,
              -2.4822
            ],
            [
              -74.252764,
              -2.482237
            ],
            [
              -74.252852,
              -2.482515
            ],
            [
              -74.252401,
              -2.483058
            ],
            [
              -74.251912,
              -2.483137
            ],
            [
              -74.250705,
              -2.482109
            ],
            [
              -74.250323,
              -2.482485
            ],
            [
              -74.25017,
              -2.483571
            ],
            [
              -74.249935,
              -2.483867
            ],
            [
              -74.248729,
              -2.483878
            ],
            [
              -74.248387,
              -2.484046
            ]
          ]
        ]
      }
    },
    {
      "type": "Feature",
      "properties": {
        "HA": 57339.2785836,
        "CONTRATO_1": "16-IQU/D-C-001-12",
        "comprado": "Consorcio GGF Group",
        "py_carbono": "Loreto 1",
        "nombre": "Tacsha 2"
      },
      "geometry": {
        "type": "MultiPolygon",
        "coordinates": [
          [
            [
              [
                -73.753677,
                -2.539298
              ],
              [
                -73.75365,
                -2.567068
              ],
              [
                -73.75365,
                -2.567234
              ],
              [
                -73.753645,
                -2.572309
              ],
              [
                -73.753636,
                -2.581625
              ],
              [
                -73.753907,
                -2.581763
              ],
              [
                -73.754617,
                -2.582434
              ],
              [
                -73.755156,
                -2.582405
              ],
              [
                -73.756204,
                -2.581136
              ],
              [
                -73.756822,
                -2.581172
              ],
              [
                -73.758189,
                -2.581843
              ],
              [
                -73.760669,
                -2.584265
              ],
              [
                -73.761032,
                -2.584195
              ],
              [
                -73.761233,
                -2.583888
              ],
              [
                -73.760977,
                -2.582851
              ],
              [
                -73.761109,
                -2.581701
              ],
              [
                -73.761506,
                -2.581326
              ],
              [
                -73.762316,
                -2.581262
              ],
              [
                -73.763237,
                -2.58194
              ],
              [
                -73.765573,
                -2.584646
              ],
              [
                -73.766003,
                -2.584773
              ],
              [
                -73.766495,
                -2.584403
              ],
              [
                -73.766435,
                -2.583606
              ],
              [
                -73.765875,
                -2.582585
              ],
              [
                -73.764713,
                -2.581477
              ],
              [
                -73.764626,
                -2.581031
              ],
              [
                -73.765408,
                -2.579527
              ],
              [
                -73.766597,
                -2.578049
              ],
              [
                -73.766966,
                -2.57783
              ],
              [
                -73.767858,
                -2.57785
              ],
              [
                -73.768467,
                -2.579024
              ],
              [
                -73.768631,
                -2.58116
              ],
              [
                -73.769319,
                -2.582291
              ],
              [
                -73.769787,
                -2.582031
              ],
              [
                -73.769866,
                -2.581428
              ],
              [
                -73.768535,
                -2.57807
              ],
              [
                -73.76871,
                -2.577644
              ],
              [
                -73.769337,
                -2.577539
              ],
              [
                -73.769751,
                -2.577675
              ],
              [
                -73.771651,
                -2.580043
              ],
              [
                -73.772311,
                -2.580503
              ],
              [
                -73.773103,
                -2.580612
              ],
              [
                -73.773668,
                -2.580383
              ],
              [
                -73.773584,
                -2.579677
              ],
              [
                -73.773091,
                -2.579304
              ],
              [
                -73.771764,
                -2.579117
              ],
              [
                -73.771547,
                -2.577999
              ],
              [
                -73.772273,
                -2.575892
              ],
              [
                -73.773869,
                -2.574351
              ],
              [
                -73.774982,
                -2.574556
              ],
              [
                -73.775771,
                -2.575866
              ],
              [
                -73.775895,
                -2.577012
              ],
              [
                -73.775083,
                -2.579219
              ],
              [
                -73.775988,
                -2.579674
              ],
              [
                -73.777992,
                -2.579292
              ],
              [
                -73.778376,
                -2.578792
              ],
              [
                -73.778375,
                -2.576037
              ],
              [
                -73.777956,
                -2.57506
              ],
              [
                -73.778977,
                -2.573973
              ],
              [
                -73.779288,
                -2.574366
              ],
              [
                -73.778546,
                -2.575216
              ],
              [
                -73.778839,
                -2.575683
              ],
              [
                -73.780056,
                -2.575541
              ],
              [
                -73.781202,
                -2.575051
              ],
              [
                -73.78185,
                -2.575343
              ],
              [
                -73.781938,
                -2.576042
              ],
              [
                -73.781375,
                -2.577455
              ],
              [
                -73.781457,
                -2.577927
              ],
              [
                -73.782928,
                -2.577394
              ],
              [
                -73.784958,
                -2.578662
              ],
              [
                -73.785158,
                -2.578495
              ],
              [
                -73.785008,
                -2.577158
              ],
              [
                -73.785474,
                -2.576584
              ],
              [
                -73.786228,
                -2.576423
              ],
              [
                -73.788549,
                -2.576565
              ],
              [
                -73.789163,
                -2.576186
              ],
              [
                -73.790186,
                -2.575045
              ],
              [
                -73.790949,
                -2.57488
              ],
              [
                -73.791373,
                -2.575011
              ],
              [
                -73.791607,
                -2.575391
              ],
              [
                -73.791586,
                -2.575847
              ],
              [
                -73.790934,
                -2.577252
              ],
              [
                -73.791081,
                -2.57774
              ],
              [
                -73.792382,
                -2.578331
              ],
              [
                -73.794067,
                -2.578306
              ],
              [
                -73.796037,
                -2.578848
              ],
              [
                -73.797799,
                -2.581527
              ],
              [
                -73.798606,
                -2.582321
              ],
              [
                -73.798755,
                -2.582466
              ],
              [
                -73.799612,
                -2.58264
              ],
              [
                -73.799964,
                -2.582131
              ],
              [
                -73.799963,
                -2.581679
              ],
              [
                -73.799253,
                -2.579936
              ],
              [
                -73.799206,
                -2.579122
              ],
              [
                -73.799699,
                -2.578391
              ],
              [
                -73.80051,
                -2.578081
              ],
              [
                -73.802306,
                -2.578387
              ],
              [
                -73.803151,
                -2.578799
              ],
              [
                -73.803534,
                -2.57937
              ],
              [
                -73.803909,
                -2.579929
              ],
              [
                -73.804755,
                -2.582175
              ],
              [
                -73.805529,
                -2.582919
              ],
              [
                -73.805891,
                -2.582981
              ],
              [
                -73.80641,
                -2.582382
              ],
              [
                -73.806502,
                -2.581405
              ],
              [
                -73.806379,
                -2.580608
              ],
              [
                -73.805937,
                -2.579725
              ],
              [
                -73.806009,
                -2.577755
              ],
              [
                -73.805483,
                -2.576156
              ],
              [
                -73.806182,
                -2.574689
              ],
              [
                -73.806708,
                -2.574261
              ],
              [
                -73.807879,
                -2.574302
              ],
              [
                -73.808789,
                -2.574676
              ],
              [
                -73.809178,
                -2.575517
              ],
              [
                -73.808992,
                -2.576027
              ],
              [
                -73.808008,
                -2.576701
              ],
              [
                -73.807817,
                -2.577487
              ],
              [
                -73.808019,
                -2.577731
              ],
              [
                -73.809212,
                -2.577687
              ],
              [
                -73.809402,
                -2.577821
              ],
              [
                -73.810071,
                -2.578288
              ],
              [
                -73.811161,
                -2.577142
              ],
              [
                -73.812053,
                -2.577087
              ],
              [
                -73.812603,
                -2.577784
              ],
              [
                -73.812815,
                -2.579645
              ],
              [
                -73.813011,
                -2.579802
              ],
              [
                -73.81324,
                -2.579986
              ],
              [
                -73.81468,
                -2.57955
              ],
              [
                -73.816008,
                -2.578221
              ],
              [
                -73.816172,
                -2.578101
              ],
              [
                -73.818093,
                -2.57669
              ],
              [
                -73.81915,
                -2.576769
              ],
              [
                -73.819368,
                -2.578617
              ],
              [
                -73.818847,
                -2.579748
              ],
              [
                -73.818645,
                -2.581059
              ],
              [
                -73.818983,
                -2.58121
              ],
              [
                -73.819248,
                -2.580986
              ],
              [
                -73.820046,
                -2.579357
              ],
              [
                -73.820233,
                -2.579335
              ],
              [
                -73.820955,
                -2.579248
              ],
              [
                -73.82252,
                -2.579535
              ],
              [
                -73.822997,
                -2.579969
              ],
              [
                -73.823142,
                -2.580667
              ],
              [
                -73.82305,
                -2.581288
              ],
              [
                -73.822497,
                -2.581994
              ],
              [
                -73.822508,
                -2.582461
              ],
              [
                -73.823279,
                -2.582881
              ],
              [
                -73.824339,
                -2.583029
              ],
              [
                -73.824658,
                -2.582858
              ],
              [
                -73.824733,
                -2.582512
              ],
              [
                -73.823846,
                -2.581532
              ],
              [
                -73.823922,
                -2.58058
              ],
              [
                -73.824792,
                -2.579998
              ],
              [
                -73.826544,
                -2.580137
              ],
              [
                -73.826579,
                -2.579442
              ],
              [
                -73.825853,
                -2.578813
              ],
              [
                -73.826069,
                -2.577932
              ],
              [
                -73.826322,
                -2.577694
              ],
              [
                -73.827286,
                -2.577737
              ],
              [
                -73.827328,
                -2.577287
              ],
              [
                -73.826934,
                -2.576428
              ],
              [
                -73.829176,
                -2.574524
              ],
              [
                -73.830306,
                -2.57468
              ],
              [
                -73.83052,
                -2.577439
              ],
              [
                -73.830822,
                -2.577897
              ],
              [
                -73.831174,
                -2.577972
              ],
              [
                -73.832639,
                -2.576311
              ],
              [
                -73.832743,
                -2.574679
              ],
              [
                -73.833003,
                -2.574155
              ],
              [
                -73.834098,
                -2.573344
              ],
              [
                -73.835033,
                -2.573269
              ],
              [
                -73.835415,
                -2.573884
              ],
              [
                -73.835195,
                -2.574738
              ],
              [
                -73.835324,
                -2.575255
              ],
              [
                -73.83585,
                -2.575978
              ],
              [
                -73.837216,
                -2.576623
              ],
              [
                -73.837744,
                -2.578942
              ],
              [
                -73.839079,
                -2.579219
              ],
              [
                -73.839947,
                -2.578775
              ],
              [
                -73.840109,
                -2.578271
              ],
              [
                -73.839835,
                -2.577638
              ],
              [
                -73.839882,
                -2.57637
              ],
              [
                -73.840206,
                -2.57584
              ],
              [
                -73.84071,
                -2.575649
              ],
              [
                -73.841372,
                -2.576045
              ],
              [
                -73.842566,
                -2.577274
              ],
              [
                -73.843192,
                -2.578641
              ],
              [
                -73.843579,
                -2.578731
              ],
              [
                -73.843631,
                -2.578743
              ],
              [
                -73.8441,
                -2.578352
              ],
              [
                -73.844176,
                -2.576387
              ],
              [
                -73.845287,
                -2.575102
              ],
              [
                -73.845889,
                -2.573321
              ],
              [
                -73.846633,
                -2.571992
              ],
              [
                -73.846813,
                -2.570209
              ],
              [
                -73.847047,
                -2.569712
              ],
              [
                -73.847967,
                -2.569557
              ],
              [
                -73.850297,
                -2.569795
              ],
              [
                -73.850479,
                -2.570018
              ],
              [
                -73.850739,
                -2.570335
              ],
              [
                -73.850637,
                -2.570871
              ],
              [
                -73.850478,
                -2.570953
              ],
              [
                -73.850406,
                -2.57099
              ],
              [
                -73.84974,
                -2.571318
              ],
              [
                -73.850006,
                -2.573435
              ],
              [
                -73.849252,
                -2.574206
              ],
              [
                -73.848804,
                -2.575278
              ],
              [
                -73.84916,
                -2.576666
              ],
              [
                -73.84968,
                -2.577123
              ],
              [
                -73.850158,
                -2.576748
              ],
              [
                -73.850003,
                -2.574586
              ],
              [
                -73.850476,
                -2.573686
              ],
              [
                -73.850538,
                -2.573567
              ],
              [
                -73.851179,
                -2.573318
              ],
              [
                -73.851814,
                -2.573464
              ],
              [
                -73.852953,
                -2.574964
              ],
              [
                -73.8535,
                -2.575396
              ],
              [
                -73.85395,
                -2.57542
              ],
              [
                -73.854386,
                -2.575138
              ],
              [
                -73.854217,
                -2.573529
              ],
              [
                -73.854437,
                -2.572918
              ],
              [
                -73.854824,
                -2.572583
              ],
              [
                -73.85499,
                -2.57263
              ],
              [
                -73.855773,
                -2.572855
              ],
              [
                -73.856599,
                -2.573681
              ],
              [
                -73.857478,
                -2.573687
              ],
              [
                -73.858164,
                -2.574108
              ],
              [
                -73.859336,
                -2.576298
              ],
              [
                -73.859859,
                -2.576625
              ],
              [
                -73.859998,
                -2.576033
              ],
              [
                -73.859506,
                -2.575083
              ],
              [
                -73.859371,
                -2.57429
              ],
              [
                -73.859031,
                -2.573872
              ],
              [
                -73.858999,
                -2.572977
              ],
              [
                -73.859894,
                -2.571234
              ],
              [
                -73.860833,
                -2.570264
              ],
              [
                -73.861306,
                -2.570085
              ],
              [
                -73.861988,
                -2.570321
              ],
              [
                -73.862648,
                -2.571147
              ],
              [
                -73.862627,
                -2.571695
              ],
              [
                -73.862196,
                -2.572147
              ],
              [
                -73.861855,
                -2.572978
              ],
              [
                -73.861699,
                -2.57441
              ],
              [
                -73.861906,
                -2.575535
              ],
              [
                -73.862758,
                -2.576209
              ],
              [
                -73.863429,
                -2.5751
              ],
              [
                -73.862898,
                -2.573802
              ],
              [
                -73.863194,
                -2.572586
              ],
              [
                -73.86387,
                -2.572376
              ],
              [
                -73.864495,
                -2.571763
              ],
              [
                -73.864935,
                -2.571871
              ],
              [
                -73.865324,
                -2.571645
              ],
              [
                -73.866203,
                -2.571634
              ],
              [
                -73.866389,
                -2.571839
              ],
              [
                -73.866313,
                -2.572837
              ],
              [
                -73.86551,
                -2.574625
              ],
              [
                -73.865861,
                -2.574849
              ],
              [
                -73.866804,
                -2.574086
              ],
              [
                -73.867602,
                -2.574789
              ],
              [
                -73.867748,
                -2.575942
              ],
              [
                -73.868217,
                -2.576598
              ],
              [
                -73.86815,
                -2.580702
              ],
              [
                -73.868864,
                -2.582451
              ],
              [
                -73.869623,
                -2.583425
              ],
              [
                -73.869987,
                -2.584519
              ],
              [
                -73.870991,
                -2.585021
              ],
              [
                -73.871494,
                -2.583922
              ],
              [
                -73.872453,
                -2.583862
              ],
              [
                -73.874859,
                -2.586095
              ],
              [
                -73.875562,
                -2.586166
              ],
              [
                -73.875943,
                -2.585771
              ],
              [
                -73.876024,
                -2.585315
              ],
              [
                -73.87503,
                -2.584472
              ],
              [
                -73.875008,
                -2.583668
              ],
              [
                -73.875954,
                -2.58236
              ],
              [
                -73.8766,
                -2.581764
              ],
              [
                -73.876972,
                -2.581755
              ],
              [
                -73.877976,
                -2.582768
              ],
              [
                -73.878958,
                -2.584769
              ],
              [
                -73.879073,
                -2.586026
              ],
              [
                -73.878246,
                -2.587499
              ],
              [
                -73.878742,
                -2.587931
              ],
              [
                -73.881756,
                -2.587733
              ],
              [
                -73.882055,
                -2.587391
              ],
              [
                -73.882138,
                -2.586498
              ],
              [
                -73.882414,
                -2.586144
              ],
              [
                -73.885087,
                -2.585473
              ],
              [
                -73.8867,
                -2.585305
              ],
              [
                -73.886758,
                -2.584587
              ],
              [
                -73.885727,
                -2.583138
              ],
              [
                -73.885638,
                -2.580985
              ],
              [
                -73.885944,
                -2.580575
              ],
              [
                -73.886751,
                -2.580468
              ],
              [
                -73.888546,
                -2.582585
              ],
              [
                -73.888709,
                -2.582777
              ],
              [
                -73.889867,
                -2.582948
              ],
              [
                -73.890443,
                -2.582768
              ],
              [
                -73.890816,
                -2.582138
              ],
              [
                -73.890432,
                -2.579217
              ],
              [
                -73.890717,
                -2.578659
              ],
              [
                -73.891354,
                -2.57817
              ],
              [
                -73.891936,
                -2.578335
              ],
              [
                -73.892455,
                -2.579861
              ],
              [
                -73.892863,
                -2.580205
              ],
              [
                -73.892597,
                -2.434562
              ],
              [
                -73.892678,
                -2.434485
              ],
              [
                -73.89382,
                -2.434981
              ],
              [
                -73.894434,
                -2.434627
              ],
              [
                -73.89559,
                -2.434735
              ],
              [
                -73.897414,
                -2.433388
              ],
              [
                -73.898403,
                -2.43352
              ],
              [
                -73.899145,
                -2.434484
              ],
              [
                -73.899754,
                -2.434369
              ],
              [
                -73.900278,
                -2.43458
              ],
              [
                -73.901589,
                -2.434008
              ],
              [
                -73.902753,
                -2.434136
              ],
              [
                -73.903673,
                -2.433429
              ],
              [
                -73.903865,
                -2.43176
              ],
              [
                -73.9046,
                -2.431672
              ],
              [
                -73.904601,
                -2.431596
              ],
              [
                -73.904614,
                -2.430601
              ],
              [
                -73.904999,
                -2.430239
              ],
              [
                -73.907519,
                -2.429794
              ],
              [
                -73.909418,
                -2.430524
              ],
              [
                -73.910909,
                -2.430515
              ],
              [
                -73.911243,
                -2.430251
              ],
              [
                -73.911334,
                -2.430179
              ],
              [
                -73.91211,
                -2.429991
              ],
              [
                -73.913824,
                -2.429852
              ],
              [
                -73.923034,
                -2.410086
              ],
              [
                -73.834593,
                -2.397656
              ],
              [
                -73.840639,
                -2.357345
              ],
              [
                -73.811115,
                -2.344977
              ],
              [
                -73.78311,
                -2.403749
              ],
              [
                -73.80385,
                -2.437408
              ],
              [
                -73.812864,
                -2.453609
              ],
              [
                -73.830391,
                -2.482482
              ],
              [
                -73.820313,
                -2.489946
              ],
              [
                -73.816249,
                -2.492956
              ],
              [
                -73.813088,
                -2.495297
              ],
              [
                -73.809476,
                -2.497973
              ],
              [
                -73.803605,
                -2.502321
              ],
              [
                -73.798677,
                -2.505971
              ],
              [
                -73.753677,
                -2.539298
              ]
            ]
          ],
          [
            [
              [
                -73.798603,
                -2.583042
              ],
              [
                -73.798603,
                -2.583067
              ],
              [
                -73.798571,
                -2.617578
              ],
              [
                -73.798527,
                -2.662804
              ],
              [
                -73.798483,
                -2.707876
              ],
              [
                -73.798483,
                -2.708029
              ],
              [
                -73.798438,
                -2.753255
              ],
              [
                -73.798392,
                -2.79848
              ],
              [
                -73.84337,
                -2.798526
              ],
              [
                -73.843325,
                -2.843752
              ],
              [
                -73.84328,
                -2.888978
              ],
              [
                -73.843249,
                -2.91946
              ],
              [
                -73.844089,
                -2.919678
              ],
              [
                -73.847396,
                -2.92112
              ],
              [
                -73.849407,
                -2.92275
              ],
              [
                -73.850417,
                -2.923059
              ],
              [
                -73.85115,
                -2.922273
              ],
              [
                -73.851297,
                -2.921585
              ],
              [
                -73.849775,
                -2.918653
              ],
              [
                -73.849887,
                -2.917224
              ],
              [
                -73.850547,
                -2.915967
              ],
              [
                -73.851193,
                -2.915471
              ],
              [
                -73.851896,
                -2.915354
              ],
              [
                -73.85324,
                -2.915771
              ],
              [
                -73.85424,
                -2.916532
              ],
              [
                -73.854628,
                -2.917717
              ],
              [
                -73.854908,
                -2.920196
              ],
              [
                -73.855862,
                -2.921382
              ],
              [
                -73.85687,
                -2.921971
              ],
              [
                -73.858163,
                -2.920769
              ],
              [
                -73.858295,
                -2.920082
              ],
              [
                -73.857955,
                -2.919258
              ],
              [
                -73.856763,
                -2.917928
              ],
              [
                -73.856631,
                -2.917077
              ],
              [
                -73.857869,
                -2.916355
              ],
              [
                -73.860287,
                -2.916384
              ],
              [
                -73.861108,
                -2.915743
              ],
              [
                -73.862008,
                -2.914595
              ],
              [
                -73.861885,
                -2.914152
              ],
              [
                -73.86092,
                -2.914033
              ],
              [
                -73.859866,
                -2.913209
              ],
              [
                -73.859852,
                -2.912223
              ],
              [
                -73.860331,
                -2.911654
              ],
              [
                -73.864554,
                -2.911043
              ],
              [
                -73.866622,
                -2.909688
              ],
              [
                -73.868097,
                -2.909364
              ],
              [
                -73.868793,
                -2.909419
              ],
              [
                -73.868995,
                -2.909718
              ],
              [
                -73.868835,
                -2.911237
              ],
              [
                -73.869193,
                -2.911437
              ],
              [
                -73.869689,
                -2.911329
              ],
              [
                -73.871109,
                -2.910534
              ],
              [
                -73.872501,
                -2.909278
              ],
              [
                -73.874862,
                -2.908023
              ],
              [
                -73.875856,
                -2.907138
              ],
              [
                -73.87636,
                -2.906939
              ],
              [
                -73.878077,
                -2.904671
              ],
              [
                -73.87906,
                -2.904762
              ],
              [
                -73.880038,
                -2.905351
              ],
              [
                -73.880934,
                -2.905298
              ],
              [
                -73.882353,
                -2.904376
              ],
              [
                -73.883787,
                -2.902786
              ],
              [
                -73.885335,
                -2.902145
              ],
              [
                -73.8862,
                -2.902354
              ],
              [
                -73.886865,
                -2.902807
              ],
              [
                -73.887139,
                -2.903467
              ],
              [
                -73.887115,
                -2.904083
              ],
              [
                -73.885327,
                -2.905827
              ],
              [
                -73.883567,
                -2.90795
              ],
              [
                -73.883489,
                -2.909108
              ],
              [
                -73.883885,
                -2.90947
              ],
              [
                -73.884292,
                -2.909145
              ],
              [
                -73.884846,
                -2.906911
              ],
              [
                -73.885496,
                -2.906333
              ],
              [
                -73.887005,
                -2.906416
              ],
              [
                -73.887229,
                -2.906697
              ],
              [
                -73.887244,
                -2.90742
              ],
              [
                -73.886471,
                -2.909012
              ],
              [
                -73.886537,
                -2.909808
              ],
              [
                -73.888241,
                -2.9099
              ],
              [
                -73.888242,
                -2.9099
              ],
              [
                -73.888648,
                -2.909918
              ],
              [
                -73.890801,
                -2.910771
              ],
              [
                -73.891435,
                -2.910817
              ],
              [
                -73.891888,
                -2.91031
              ],
              [
                -73.891665,
                -2.908438
              ],
              [
                -73.889977,
                -2.904791
              ],
              [
                -73.889894,
                -2.902927
              ],
              [
                -73.890304,
                -2.901743
              ],
              [
                -73.890928,
                -2.90111
              ],
              [
                -73.893203,
                -2.900697
              ],
              [
                -73.895927,
                -2.901495
              ],
              [
                -73.898939,
                -2.901697
              ],
              [
                -73.900026,
                -2.902349
              ],
              [
                -73.900393,
                -2.903155
              ],
              [
                -73.900265,
                -2.904068
              ],
              [
                -73.899466,
                -2.904303
              ],
              [
                -73.897941,
                -2.90393
              ],
              [
                -73.897082,
                -2.904346
              ],
              [
                -73.897122,
                -2.905024
              ],
              [
                -73.898037,
                -2.905703
              ],
              [
                -73.898927,
                -2.905759
              ],
              [
                -73.899714,
                -2.905542
              ],
              [
                -73.902275,
                -2.903365
              ],
              [
                -73.903239,
                -2.903547
              ],
              [
                -73.904064,
                -2.904054
              ],
              [
                -73.904735,
                -2.90552
              ],
              [
                -73.904975,
                -2.91054
              ],
              [
                -73.905347,
                -2.911391
              ],
              [
                -73.905718,
                -2.911609
              ],
              [
                -73.907321,
                -2.910434
              ],
              [
                -73.907137,
                -2.909918
              ],
              [
                -73.906433,
                -2.909755
              ],
              [
                -73.905922,
                -2.909384
              ],
              [
                -73.905704,
                -2.908714
              ],
              [
                -73.906622,
                -2.906987
              ],
              [
                -73.907006,
                -2.905323
              ],
              [
                -73.907757,
                -2.904202
              ],
              [
                -73.90889,
                -2.904113
              ],
              [
                -73.909874,
                -2.904331
              ],
              [
                -73.911066,
                -2.905399
              ],
              [
                -73.91235,
                -2.905781
              ],
              [
                -73.91383,
                -2.905619
              ],
              [
                -73.914742,
                -2.90505
              ],
              [
                -73.915978,
                -2.905006
              ],
              [
                -73.918078,
                -2.905406
              ],
              [
                -73.920345,
                -2.906639
              ],
              [
                -73.92108,
                -2.906341
              ],
              [
                -73.921608,
                -2.905419
              ],
              [
                -73.921484,
                -2.904297
              ],
              [
                -73.920514,
                -2.903373
              ],
              [
                -73.917387,
                -2.901941
              ],
              [
                -73.91691,
                -2.900783
              ],
              [
                -73.917102,
                -2.899634
              ],
              [
                -73.917686,
                -2.89864
              ],
              [
                -73.919488,
                -2.896769
              ],
              [
                -73.91992,
                -2.896661
              ],
              [
                -73.920588,
                -2.896065
              ],
              [
                -73.921803,
                -2.896183
              ],
              [
                -73.922719,
                -2.897007
              ],
              [
                -73.922705,
                -2.897731
              ],
              [
                -73.921486,
                -2.899023
              ],
              [
                -73.921333,
                -2.900091
              ],
              [
                -73.922442,
                -2.902715
              ],
              [
                -73.923321,
                -2.903313
              ],
              [
                -73.925006,
                -2.903296
              ],
              [
                -73.927626,
                -2.905144
              ],
              [
                -73.928586,
                -2.905407
              ],
              [
                -73.92897,
                -2.905254
              ],
              [
                -73.929817,
                -2.904567
              ],
              [
                -73.931047,
                -2.904387
              ],
              [
                -73.931573,
                -2.904053
              ],
              [
                -73.9324,
                -2.902191
              ],
              [
                -73.932022,
                -2.900454
              ],
              [
                -73.930598,
                -2.899123
              ],
              [
                -73.930329,
                -2.898272
              ],
              [
                -73.930786,
                -2.896282
              ],
              [
                -73.930982,
                -2.893777
              ],
              [
                -73.93147,
                -2.893153
              ],
              [
                -73.932956,
                -2.892883
              ],
              [
                -73.93324,
                -2.893137
              ],
              [
                -73.933244,
                -2.889066
              ],
              [
                -73.933286,
                -2.843839
              ],
              [
                -73.933327,
                -2.798611
              ],
              [
                -73.933367,
                -2.753384
              ],
              [
                -73.933407,
                -2.708156
              ],
              [
                -73.888432,
                -2.708115
              ],
              [
                -73.88839,
                -2.753342
              ],
              [
                -73.843414,
                -2.753299
              ],
              [
                -73.843457,
                -2.708073
              ],
              [
                -73.8435,
                -2.662847
              ],
              [
                -73.843542,
                -2.617621
              ],
              [
                -73.843576,
                -2.579524
              ],
              [
                -73.843576,
                -2.579402
              ],
              [
                -73.843576,
                -2.579371
              ],
              [
                -73.843168,
                -2.579225
              ],
              [
                -73.842078,
                -2.57829
              ],
              [
                -73.841337,
                -2.577094
              ],
              [
                -73.840925,
                -2.576853
              ],
              [
                -73.840759,
                -2.577299
              ],
              [
                -73.841009,
                -2.57852
              ],
              [
                -73.840507,
                -2.579481
              ],
              [
                -73.839038,
                -2.579791
              ],
              [
                -73.837644,
                -2.579605
              ],
              [
                -73.836731,
                -2.578738
              ],
              [
                -73.836655,
                -2.577339
              ],
              [
                -73.834766,
                -2.575714
              ],
              [
                -73.834449,
                -2.574451
              ],
              [
                -73.833784,
                -2.574912
              ],
              [
                -73.832626,
                -2.577718
              ],
              [
                -73.831478,
                -2.578579
              ],
              [
                -73.830935,
                -2.578673
              ],
              [
                -73.829971,
                -2.577774
              ],
              [
                -73.829552,
                -2.575782
              ],
              [
                -73.829291,
                -2.575544
              ],
              [
                -73.828945,
                -2.575587
              ],
              [
                -73.828204,
                -2.576486
              ],
              [
                -73.828231,
                -2.578002
              ],
              [
                -73.826997,
                -2.578855
              ],
              [
                -73.827603,
                -2.579958
              ],
              [
                -73.827524,
                -2.580495
              ],
              [
                -73.826924,
                -2.581012
              ],
              [
                -73.825409,
                -2.580927
              ],
              [
                -73.825112,
                -2.581109
              ],
              [
                -73.825016,
                -2.58172
              ],
              [
                -73.825749,
                -2.583429
              ],
              [
                -73.825356,
                -2.583906
              ],
              [
                -73.824123,
                -2.583903
              ],
              [
                -73.823021,
                -2.583634
              ],
              [
                -73.821734,
                -2.582846
              ],
              [
                -73.821725,
                -2.581944
              ],
              [
                -73.822376,
                -2.58067
              ],
              [
                -73.821749,
                -2.580166
              ],
              [
                -73.820401,
                -2.580208
              ],
              [
                -73.819025,
                -2.581956
              ],
              [
                -73.818296,
                -2.581807
              ],
              [
                -73.818143,
                -2.580753
              ],
              [
                -73.818675,
                -2.578401
              ],
              [
                -73.818656,
                -2.577784
              ],
              [
                -73.818396,
                -2.577548
              ],
              [
                -73.817319,
                -2.57794
              ],
              [
                -73.815581,
                -2.579729
              ],
              [
                -73.813499,
                -2.580916
              ],
              [
                -73.812871,
                -2.580577
              ],
              [
                -73.812112,
                -2.579687
              ],
              [
                -73.811544,
                -2.578044
              ],
              [
                -73.811003,
                -2.578226
              ],
              [
                -73.809811,
                -2.579419
              ],
              [
                -73.808886,
                -2.578724
              ],
              [
                -73.807756,
                -2.578987
              ],
              [
                -73.807367,
                -2.578546
              ],
              [
                -73.807089,
                -2.577655
              ],
              [
                -73.807203,
                -2.576396
              ],
              [
                -73.807901,
                -2.575727
              ],
              [
                -73.807587,
                -2.575268
              ],
              [
                -73.806991,
                -2.575515
              ],
              [
                -73.806726,
                -2.577137
              ],
              [
                -73.80685,
                -2.580178
              ],
              [
                -73.807398,
                -2.582707
              ],
              [
                -73.806824,
                -2.583603
              ],
              [
                -73.806107,
                -2.583946
              ],
              [
                -73.805189,
                -2.583911
              ],
              [
                -73.804598,
                -2.583433
              ],
              [
                -73.8033,
                -2.581379
              ],
              [
                -73.802833,
                -2.579744
              ],
              [
                -73.802104,
                -2.579267
              ],
              [
                -73.800659,
                -2.579248
              ],
              [
                -73.800164,
                -2.579852
              ],
              [
                -73.800114,
                -2.580839
              ],
              [
                -73.800799,
                -2.582307
              ],
              [
                -73.800788,
                -2.583219
              ],
              [
                -73.79982,
                -2.583405
              ],
              [
                -73.798603,
                -2.583042
              ]
            ],
            [
              [
                -73.910536,
                -2.903536
              ],
              [
                -73.910141,
                -2.904033
              ],
              [
                -73.90961,
                -2.903987
              ],
              [
                -73.909747,
                -2.903417
              ],
              [
                -73.910443,
                -2.902414
              ],
              [
                -73.910357,
                -2.901419
              ],
              [
                -73.910054,
                -2.901111
              ],
              [
                -73.909283,
                -2.901282
              ],
              [
                -73.908935,
                -2.902856
              ],
              [
                -73.908521,
                -2.903434
              ],
              [
                -73.908267,
                -2.903488
              ],
              [
                -73.907999,
                -2.903036
              ],
              [
                -73.908184,
                -2.901444
              ],
              [
                -73.909212,
                -2.900206
              ],
              [
                -73.909884,
                -2.899772
              ],
              [
                -73.910823,
                -2.899999
              ],
              [
                -73.911302,
                -2.900841
              ],
              [
                -73.911201,
                -2.902279
              ],
              [
                -73.910536,
                -2.903536
              ]
            ]
          ]
        ]
      }
    },
    {
      "type": "Feature",
      "properties": {
        "HA": 51697.0782936,
        "CONTRATO_1": "16-IQU/C-J-170-04",
        "comprado": "Consorcio GGF Group",
        "py_carbono": "Loreto 1",
        "nombre": "Tacsha 1"
      },
      "geometry": {
        "type": "Polygon",
        "coordinates": [
          [
            [
              -73.663666,
              -2.614664
            ],
            [
              -73.663663,
              -2.617441
            ],
            [
              -73.663615,
              -2.662664
            ],
            [
              -73.663566,
              -2.707887
            ],
            [
              -73.663516,
              -2.75311
            ],
            [
              -73.663465,
              -2.798333
            ],
            [
              -73.61849,
              -2.798281
            ],
            [
              -73.573517,
              -2.798227
            ],
            [
              -73.573213,
              -2.798227
            ],
            [
              -73.581809,
              -2.846388
            ],
            [
              -73.573459,
              -2.846181
            ],
            [
              -73.573406,
              -2.888664
            ],
            [
              -73.573406,
              -2.88867
            ],
            [
              -73.573349,
              -2.933891
            ],
            [
              -73.618328,
              -2.933948
            ],
            [
              -73.618272,
              -2.97917
            ],
            [
              -73.618215,
              -3.024392
            ],
            [
              -73.618157,
              -3.069614
            ],
            [
              -73.618147,
              -3.077853
            ],
            [
              -73.620093,
              -3.075866
            ],
            [
              -73.619586,
              -3.074418
            ],
            [
              -73.619569,
              -3.073559
            ],
            [
              -73.620345,
              -3.071661
            ],
            [
              -73.620348,
              -3.069879
            ],
            [
              -73.62048,
              -3.069617
            ],
            [
              -73.621013,
              -3.06855
            ],
            [
              -73.621656,
              -3.067801
            ],
            [
              -73.622237,
              -3.067476
            ],
            [
              -73.622754,
              -3.067458
            ],
            [
              -73.623526,
              -3.067712
            ],
            [
              -73.623967,
              -3.068102
            ],
            [
              -73.624573,
              -3.069622
            ],
            [
              -73.624778,
              -3.070138
            ],
            [
              -73.625013,
              -3.07306
            ],
            [
              -73.625492,
              -3.07354
            ],
            [
              -73.626369,
              -3.073197
            ],
            [
              -73.626337,
              -3.069625
            ],
            [
              -73.626314,
              -3.067155
            ],
            [
              -73.626452,
              -3.066613
            ],
            [
              -73.627045,
              -3.065981
            ],
            [
              -73.627983,
              -3.065855
            ],
            [
              -73.628898,
              -3.066435
            ],
            [
              -73.629561,
              -3.067964
            ],
            [
              -73.630817,
              -3.06963
            ],
            [
              -73.631376,
              -3.070373
            ],
            [
              -73.631762,
              -3.070265
            ],
            [
              -73.632533,
              -3.069632
            ],
            [
              -73.633238,
              -3.069055
            ],
            [
              -73.633874,
              -3.06665
            ],
            [
              -73.633774,
              -3.064072
            ],
            [
              -73.633139,
              -3.062805
            ],
            [
              -73.631181,
              -3.06027
            ],
            [
              -73.630813,
              -3.058542
            ],
            [
              -73.631197,
              -3.057927
            ],
            [
              -73.632058,
              -3.05772
            ],
            [
              -73.63272,
              -3.057875
            ],
            [
              -73.63369,
              -3.058645
            ],
            [
              -73.634413,
              -3.05851
            ],
            [
              -73.634602,
              -3.057977
            ],
            [
              -73.634542,
              -3.05615
            ],
            [
              -73.634779,
              -3.05558
            ],
            [
              -73.635386,
              -3.055165
            ],
            [
              -73.637117,
              -3.055502
            ],
            [
              -73.639781,
              -3.057133
            ],
            [
              -73.640613,
              -3.056999
            ],
            [
              -73.640508,
              -3.05613
            ],
            [
              -73.638769,
              -3.054111
            ],
            [
              -73.638152,
              -3.053043
            ],
            [
              -73.637957,
              -3.05089
            ],
            [
              -73.638301,
              -3.050375
            ],
            [
              -73.639057,
              -3.050186
            ],
            [
              -73.639683,
              -3.05035
            ],
            [
              -73.641662,
              -3.05227
            ],
            [
              -73.644102,
              -3.053629
            ],
            [
              -73.646881,
              -3.054067
            ],
            [
              -73.648142,
              -3.053996
            ],
            [
              -73.648461,
              -3.053789
            ],
            [
              -73.648635,
              -3.052884
            ],
            [
              -73.64852,
              -3.052152
            ],
            [
              -73.646906,
              -3.05006
            ],
            [
              -73.64657,
              -3.048251
            ],
            [
              -73.645671,
              -3.047128
            ],
            [
              -73.64431,
              -3.046123
            ],
            [
              -73.642733,
              -3.04556
            ],
            [
              -73.642197,
              -3.045541
            ],
            [
              -73.640487,
              -3.046371
            ],
            [
              -73.640071,
              -3.046054
            ],
            [
              -73.63989,
              -3.045394
            ],
            [
              -73.6403,
              -3.044444
            ],
            [
              -73.642044,
              -3.041769
            ],
            [
              -73.644123,
              -3.039068
            ],
            [
              -73.644678,
              -3.038661
            ],
            [
              -73.645515,
              -3.03878
            ],
            [
              -73.646193,
              -3.039333
            ],
            [
              -73.6466,
              -3.041857
            ],
            [
              -73.647913,
              -3.043423
            ],
            [
              -73.648439,
              -3.043632
            ],
            [
              -73.649588,
              -3.042801
            ],
            [
              -73.649668,
              -3.042159
            ],
            [
              -73.64941,
              -3.041146
            ],
            [
              -73.648131,
              -3.039109
            ],
            [
              -73.647913,
              -3.038014
            ],
            [
              -73.649302,
              -3.035909
            ],
            [
              -73.649717,
              -3.03003
            ],
            [
              -73.651572,
              -3.027889
            ],
            [
              -73.652455,
              -3.027112
            ],
            [
              -73.653365,
              -3.026661
            ],
            [
              -73.654232,
              -3.026644
            ],
            [
              -73.654561,
              -3.026943
            ],
            [
              -73.654802,
              -3.027776
            ],
            [
              -73.65484,
              -3.029413
            ],
            [
              -73.654562,
              -3.030688
            ],
            [
              -73.655144,
              -3.031638
            ],
            [
              -73.655122,
              -3.032931
            ],
            [
              -73.655532,
              -3.033276
            ],
            [
              -73.656182,
              -3.032933
            ],
            [
              -73.656749,
              -3.032273
            ],
            [
              -73.656934,
              -3.030284
            ],
            [
              -73.657502,
              -3.029344
            ],
            [
              -73.658445,
              -3.028856
            ],
            [
              -73.660908,
              -3.02838
            ],
            [
              -73.661304,
              -3.028229
            ],
            [
              -73.662053,
              -3.027944
            ],
            [
              -73.662257,
              -3.027866
            ],
            [
              -73.663195,
              -3.02708
            ],
            [
              -73.663235,
              -3.027017
            ],
            [
              -73.664093,
              -3.026332
            ],
            [
              -73.667119,
              -3.022798
            ],
            [
              -73.66748,
              -3.021895
            ],
            [
              -73.667501,
              -3.021058
            ],
            [
              -73.667165,
              -3.017924
            ],
            [
              -73.667215,
              -3.016486
            ],
            [
              -73.667712,
              -3.015536
            ],
            [
              -73.668683,
              -3.014863
            ],
            [
              -73.669488,
              -3.014985
            ],
            [
              -73.670351,
              -3.015536
            ],
            [
              -73.671814,
              -3.017706
            ],
            [
              -73.67224,
              -3.017551
            ],
            [
              -73.673968,
              -3.01603
            ],
            [
              -73.675188,
              -3.015929
            ],
            [
              -73.675804,
              -3.016466
            ],
            [
              -73.67718,
              -3.018659
            ],
            [
              -73.680323,
              -3.019631
            ],
            [
              -73.681126,
              -3.020287
            ],
            [
              -73.682655,
              -3.022418
            ],
            [
              -73.683488,
              -3.022588
            ],
            [
              -73.684916,
              -3.021329
            ],
            [
              -73.686255,
              -3.01845
            ],
            [
              -73.688636,
              -3.016231
            ],
            [
              -73.690362,
              -3.015376
            ],
            [
              -73.69376,
              -3.015137
            ],
            [
              -73.694514,
              -3.014827
            ],
            [
              -73.694079,
              -3.014015
            ],
            [
              -73.691961,
              -3.013523
            ],
            [
              -73.690896,
              -3.012845
            ],
            [
              -73.690417,
              -3.012229
            ],
            [
              -73.68991,
              -3.01059
            ],
            [
              -73.689952,
              -3.009104
            ],
            [
              -73.690912,
              -3.007373
            ],
            [
              -73.691886,
              -3.00689
            ],
            [
              -73.694439,
              -3.006504
            ],
            [
              -73.696224,
              -3.004703
            ],
            [
              -73.694987,
              -3.002855
            ],
            [
              -73.694273,
              -3.002685
            ],
            [
              -73.693078,
              -3.001586
            ],
            [
              -73.692907,
              -3.000116
            ],
            [
              -73.692654,
              -2.998649
            ],
            [
              -73.692202,
              -2.99777
            ],
            [
              -73.691905,
              -2.997551
            ],
            [
              -73.690993,
              -2.997888
            ],
            [
              -73.688631,
              -3.000114
            ],
            [
              -73.687183,
              -3.001909
            ],
            [
              -73.686842,
              -3.002922
            ],
            [
              -73.687008,
              -3.004105
            ],
            [
              -73.686717,
              -3.004307
            ],
            [
              -73.686209,
              -3.003917
            ],
            [
              -73.686205,
              -3.003908
            ],
            [
              -73.686196,
              -3.011965
            ],
            [
              -73.677198,
              -3.011954
            ],
            [
              -73.677209,
              -3.002909
            ],
            [
              -73.68588,
              -3.002919
            ],
            [
              -73.686007,
              -3.001726
            ],
            [
              -73.688659,
              -2.998802
            ],
            [
              -73.690574,
              -2.997321
            ],
            [
              -73.69162,
              -2.996838
            ],
            [
              -73.692516,
              -2.996844
            ],
            [
              -73.693227,
              -2.997752
            ],
            [
              -73.693702,
              -3.000768
            ],
            [
              -73.69404,
              -3.000787
            ],
            [
              -73.695634,
              -2.999338
            ],
            [
              -73.698093,
              -2.999016
            ],
            [
              -73.698913,
              -2.999561
            ],
            [
              -73.699977,
              -3.001297
            ],
            [
              -73.701278,
              -3.002487
            ],
            [
              -73.701612,
              -3.002199
            ],
            [
              -73.70163,
              -3.001892
            ],
            [
              -73.700184,
              -3.00036
            ],
            [
              -73.69968,
              -2.999508
            ],
            [
              -73.699668,
              -2.998972
            ],
            [
              -73.700033,
              -2.998348
            ],
            [
              -73.70057,
              -2.998062
            ],
            [
              -73.701556,
              -2.998028
            ],
            [
              -73.70487,
              -2.998955
            ],
            [
              -73.705415,
              -2.998909
            ],
            [
              -73.705832,
              -2.998584
            ],
            [
              -73.706106,
              -2.998103
            ],
            [
              -73.706115,
              -2.997222
            ],
            [
              -73.705653,
              -2.995679
            ],
            [
              -73.70478,
              -2.994487
            ],
            [
              -73.702795,
              -2.993159
            ],
            [
              -73.702046,
              -2.992379
            ],
            [
              -73.702201,
              -2.990919
            ],
            [
              -73.702406,
              -2.990497
            ],
            [
              -73.702786,
              -2.990302
            ],
            [
              -73.703666,
              -2.990333
            ],
            [
              -73.704403,
              -2.991012
            ],
            [
              -73.705008,
              -2.99114
            ],
            [
              -73.705534,
              -2.991613
            ],
            [
              -73.707247,
              -2.992086
            ],
            [
              -73.70822,
              -2.992657
            ],
            [
              -73.708235,
              -2.979279
            ],
            [
              -73.708288,
              -2.934056
            ],
            [
              -73.708339,
              -2.888832
            ],
            [
              -73.663361,
              -2.88878
            ],
            [
              -73.663413,
              -2.843557
            ],
            [
              -73.70839,
              -2.843608
            ],
            [
              -73.753368,
              -2.843658
            ],
            [
              -73.798346,
              -2.843706
            ],
            [
              -73.798392,
              -2.79848
            ],
            [
              -73.798438,
              -2.753255
            ],
            [
              -73.753463,
              -2.753208
            ],
            [
              -73.708489,
              -2.75316
            ],
            [
              -73.708537,
              -2.707964
            ],
            [
              -73.708537,
              -2.707936
            ],
            [
              -73.708776,
              -2.580387
            ],
            [
              -73.708669,
              -2.580495
            ],
            [
              -73.706282,
              -2.582962
            ],
            [
              -73.705434,
              -2.583223
            ],
            [
              -73.703077,
              -2.58332
            ],
            [
              -73.701715,
              -2.583165
            ],
            [
              -73.701218,
              -2.582387
            ],
            [
              -73.700836,
              -2.581011
            ],
            [
              -73.700453,
              -2.580794
            ],
            [
              -73.699925,
              -2.581237
            ],
            [
              -73.699197,
              -2.583162
            ],
            [
              -73.698503,
              -2.584075
            ],
            [
              -73.698672,
              -2.584935
            ],
            [
              -73.699788,
              -2.585135
            ],
            [
              -73.700223,
              -2.585705
            ],
            [
              -73.700041,
              -2.586193
            ],
            [
              -73.699038,
              -2.587223
            ],
            [
              -73.698461,
              -2.587232
            ],
            [
              -73.696247,
              -2.585737
            ],
            [
              -73.695728,
              -2.58589
            ],
            [
              -73.695635,
              -2.586777
            ],
            [
              -73.69493,
              -2.587282
            ],
            [
              -73.694253,
              -2.587056
            ],
            [
              -73.693568,
              -2.586494
            ],
            [
              -73.692457,
              -2.586149
            ],
            [
              -73.691495,
              -2.585995
            ],
            [
              -73.690602,
              -2.586138
            ],
            [
              -73.689632,
              -2.586888
            ],
            [
              -73.688624,
              -2.588153
            ],
            [
              -73.688704,
              -2.588786
            ],
            [
              -73.68981,
              -2.589303
            ],
            [
              -73.689874,
              -2.590361
            ],
            [
              -73.689244,
              -2.590867
            ],
            [
              -73.687778,
              -2.591481
            ],
            [
              -73.686836,
              -2.591733
            ],
            [
              -73.686081,
              -2.59128
            ],
            [
              -73.685841,
              -2.587454
            ],
            [
              -73.685128,
              -2.586675
            ],
            [
              -73.684415,
              -2.587009
            ],
            [
              -73.683951,
              -2.588076
            ],
            [
              -73.683766,
              -2.589234
            ],
            [
              -73.682764,
              -2.59011
            ],
            [
              -73.680901,
              -2.590162
            ],
            [
              -73.680069,
              -2.589881
            ],
            [
              -73.676458,
              -2.589633
            ],
            [
              -73.675874,
              -2.590202
            ],
            [
              -73.675343,
              -2.591233
            ],
            [
              -73.675238,
              -2.591938
            ],
            [
              -73.674805,
              -2.592507
            ],
            [
              -73.674753,
              -2.593385
            ],
            [
              -73.67509,
              -2.593521
            ],
            [
              -73.676425,
              -2.592799
            ],
            [
              -73.678361,
              -2.592529
            ],
            [
              -73.679274,
              -2.593082
            ],
            [
              -73.679468,
              -2.594294
            ],
            [
              -73.678945,
              -2.594918
            ],
            [
              -73.67815,
              -2.595324
            ],
            [
              -73.676923,
              -2.595549
            ],
            [
              -73.676318,
              -2.595919
            ],
            [
              -73.675161,
              -2.596035
            ],
            [
              -73.674364,
              -2.596613
            ],
            [
              -73.673763,
              -2.59739
            ],
            [
              -73.673417,
              -2.598539
            ],
            [
              -73.673446,
              -2.599479
            ],
            [
              -73.675989,
              -2.60083
            ],
            [
              -73.676246,
              -2.6014
            ],
            [
              -73.676134,
              -2.601816
            ],
            [
              -73.67517,
              -2.602475
            ],
            [
              -73.671258,
              -2.602507
            ],
            [
              -73.670746,
              -2.602678
            ],
            [
              -73.670577,
              -2.603076
            ],
            [
              -73.671036,
              -2.603719
            ],
            [
              -73.672913,
              -2.604535
            ],
            [
              -73.673626,
              -2.605196
            ],
            [
              -73.6738,
              -2.606254
            ],
            [
              -73.673095,
              -2.606787
            ],
            [
              -73.672883,
              -2.607203
            ],
            [
              -73.673831,
              -2.608127
            ],
            [
              -73.673874,
              -2.608497
            ],
            [
              -73.673297,
              -2.609166
            ],
            [
              -73.672184,
              -2.609744
            ],
            [
              -73.672175,
              -2.610712
            ],
            [
              -73.671446,
              -2.611398
            ],
            [
              -73.670361,
              -2.610981
            ],
            [
              -73.669737,
              -2.609226
            ],
            [
              -73.669076,
              -2.609035
            ],
            [
              -73.668961,
              -2.610184
            ],
            [
              -73.669547,
              -2.611378
            ],
            [
              -73.669578,
              -2.613015
            ],
            [
              -73.668372,
              -2.614298
            ],
            [
              -73.667846,
              -2.614632
            ],
            [
              -73.667143,
              -2.614731
            ],
            [
              -73.666852,
              -2.615644
            ],
            [
              -73.665616,
              -2.615797
            ],
            [
              -73.664356,
              -2.615334
            ],
            [
              -73.663666,
              -2.614664
            ]
          ]
        ]
      }
    },
    {
      "type": "Feature",
      "properties": {
        "HA": 30010.4819812,
        "CONTRATO_1": "16-LOR-MAY/CON-MAD-2018-005",
        "comprado": "Consorcio GGF Group",
        "py_carbono": "Loreto 1",
        "nombre": "Tacsha 9"
      },
      "geometry": {
        "type": "Polygon",
        "coordinates": [
          [
            [
              -74.158375,
              -2.587885
            ],
            [
              -74.158355,
              -2.617873
            ],
            [
              -74.158325,
              -2.663103
            ],
            [
              -74.113348,
              -2.663072
            ],
            [
              -74.113316,
              -2.708302
            ],
            [
              -74.068338,
              -2.708268
            ],
            [
              -74.068303,
              -2.753497
            ],
            [
              -74.023324,
              -2.753461
            ],
            [
              -74.023287,
              -2.79869
            ],
            [
              -74.023249,
              -2.843919
            ],
            [
              -74.023223,
              -2.874159
            ],
            [
              -74.02346,
              -2.873843
            ],
            [
              -74.024247,
              -2.873427
            ],
            [
              -74.02587,
              -2.871891
            ],
            [
              -74.026382,
              -2.870299
            ],
            [
              -74.025979,
              -2.869439
            ],
            [
              -74.025932,
              -2.868408
            ],
            [
              -74.026454,
              -2.867649
            ],
            [
              -74.027487,
              -2.867405
            ],
            [
              -74.02945,
              -2.867742
            ],
            [
              -74.032054,
              -2.867672
            ],
            [
              -74.033499,
              -2.867031
            ],
            [
              -74.033749,
              -2.866244
            ],
            [
              -74.033251,
              -2.865963
            ],
            [
              -74.032201,
              -2.866116
            ],
            [
              -74.031114,
              -2.866821
            ],
            [
              -74.029828,
              -2.867281
            ],
            [
              -74.029232,
              -2.867018
            ],
            [
              -74.028847,
              -2.866448
            ],
            [
              -74.02915,
              -2.865525
            ],
            [
              -74.029061,
              -2.864385
            ],
            [
              -74.029843,
              -2.863391
            ],
            [
              -74.030622,
              -2.86303
            ],
            [
              -74.031883,
              -2.863284
            ],
            [
              -74.033485,
              -2.862571
            ],
            [
              -74.033336,
              -2.861721
            ],
            [
              -74.03259,
              -2.860644
            ],
            [
              -74.032566,
              -2.860182
            ],
            [
              -74.033004,
              -2.859332
            ],
            [
              -74.034309,
              -2.858555
            ],
            [
              -74.034571,
              -2.858013
            ],
            [
              -74.03379,
              -2.8569
            ],
            [
              -74.032144,
              -2.855804
            ],
            [
              -74.032176,
              -2.854908
            ],
            [
              -74.032997,
              -2.853905
            ],
            [
              -74.034094,
              -2.853698
            ],
            [
              -74.034784,
              -2.853879
            ],
            [
              -74.036069,
              -2.85483
            ],
            [
              -74.037038,
              -2.856948
            ],
            [
              -74.038908,
              -2.857664
            ],
            [
              -74.039521,
              -2.857221
            ],
            [
              -74.039465,
              -2.856687
            ],
            [
              -74.03836,
              -2.856153
            ],
            [
              -74.037323,
              -2.854704
            ],
            [
              -74.035993,
              -2.853916
            ],
            [
              -74.035111,
              -2.852893
            ],
            [
              -74.035119,
              -2.852233
            ],
            [
              -74.035566,
              -2.85113
            ],
            [
              -74.036224,
              -2.850832
            ],
            [
              -74.036932,
              -2.850823
            ],
            [
              -74.03736,
              -2.85124
            ],
            [
              -74.037555,
              -2.852534
            ],
            [
              -74.03791,
              -2.852769
            ],
            [
              -74.040087,
              -2.853169
            ],
            [
              -74.040842,
              -2.852871
            ],
            [
              -74.041123,
              -2.85241
            ],
            [
              -74.040813,
              -2.852066
            ],
            [
              -74.03904,
              -2.852227
            ],
            [
              -74.038256,
              -2.851928
            ],
            [
              -74.037579,
              -2.850399
            ],
            [
              -74.038785,
              -2.849007
            ],
            [
              -74.040596,
              -2.848836
            ],
            [
              -74.041462,
              -2.848312
            ],
            [
              -74.041445,
              -2.845517
            ],
            [
              -74.041955,
              -2.844713
            ],
            [
              -74.042834,
              -2.844379
            ],
            [
              -74.043554,
              -2.844913
            ],
            [
              -74.044576,
              -2.846506
            ],
            [
              -74.044849,
              -2.848397
            ],
            [
              -74.04567,
              -2.850324
            ],
            [
              -74.046087,
              -2.850524
            ],
            [
              -74.046498,
              -2.850433
            ],
            [
              -74.046923,
              -2.849421
            ],
            [
              -74.047081,
              -2.848118
            ],
            [
              -74.046788,
              -2.847394
            ],
            [
              -74.045447,
              -2.84572
            ],
            [
              -74.045318,
              -2.844408
            ],
            [
              -74.045476,
              -2.844146
            ],
            [
              -74.045975,
              -2.843938
            ],
            [
              -74.046631,
              -2.843939
            ],
            [
              -74.046773,
              -2.843948
            ],
            [
              -74.047709,
              -2.844573
            ],
            [
              -74.048889,
              -2.844764
            ],
            [
              -74.050879,
              -2.845588
            ],
            [
              -74.051068,
              -2.845435
            ],
            [
              -74.051284,
              -2.843942
            ],
            [
              -74.051314,
              -2.843734
            ],
            [
              -74.051302,
              -2.84093
            ],
            [
              -74.051132,
              -2.840279
            ],
            [
              -74.051442,
              -2.839863
            ],
            [
              -74.052163,
              -2.839547
            ],
            [
              -74.052656,
              -2.83971
            ],
            [
              -74.053267,
              -2.840606
            ],
            [
              -74.053541,
              -2.842018
            ],
            [
              -74.053541,
              -2.843555
            ],
            [
              -74.05403,
              -2.843764
            ],
            [
              -74.054847,
              -2.84343
            ],
            [
              -74.055298,
              -2.842372
            ],
            [
              -74.054152,
              -2.841204
            ],
            [
              -74.054277,
              -2.839766
            ],
            [
              -74.056242,
              -2.838374
            ],
            [
              -74.057078,
              -2.838348
            ],
            [
              -74.058205,
              -2.839009
            ],
            [
              -74.058901,
              -2.838974
            ],
            [
              -74.059229,
              -2.838431
            ],
            [
              -74.058967,
              -2.837571
            ],
            [
              -74.058997,
              -2.836034
            ],
            [
              -74.060244,
              -2.834678
            ],
            [
              -74.062082,
              -2.834028
            ],
            [
              -74.062356,
              -2.833087
            ],
            [
              -74.062865,
              -2.832572
            ],
            [
              -74.064154,
              -2.832483
            ],
            [
              -74.064357,
              -2.832763
            ],
            [
              -74.064549,
              -2.835134
            ],
            [
              -74.065454,
              -2.835749
            ],
            [
              -74.066379,
              -2.835886
            ],
            [
              -74.066716,
              -2.836528
            ],
            [
              -74.066748,
              -2.837533
            ],
            [
              -74.06727,
              -2.837669
            ],
            [
              -74.068237,
              -2.836765
            ],
            [
              -74.0683,
              -2.836702
            ],
            [
              -74.069916,
              -2.836106
            ],
            [
              -74.070072,
              -2.83559
            ],
            [
              -74.068679,
              -2.834404
            ],
            [
              -74.068239,
              -2.834241
            ],
            [
              -74.0679,
              -2.834114
            ],
            [
              -74.06689,
              -2.83405
            ],
            [
              -74.066459,
              -2.833733
            ],
            [
              -74.066198,
              -2.833262
            ],
            [
              -74.066221,
              -2.831236
            ],
            [
              -74.066885,
              -2.830766
            ],
            [
              -74.067609,
              -2.830785
            ],
            [
              -74.068241,
              -2.831554
            ],
            [
              -74.068511,
              -2.83188
            ],
            [
              -74.070476,
              -2.833528
            ],
            [
              -74.071578,
              -2.833647
            ],
            [
              -74.071801,
              -2.833366
            ],
            [
              -74.071706,
              -2.832
            ],
            [
              -74.070442,
              -2.830136
            ],
            [
              -74.070388,
              -2.829657
            ],
            [
              -74.070652,
              -2.829349
            ],
            [
              -74.072743,
              -2.828781
            ],
            [
              -74.073697,
              -2.828827
            ],
            [
              -74.074325,
              -2.829153
            ],
            [
              -74.074386,
              -2.830049
            ],
            [
              -74.073832,
              -2.831297
            ],
            [
              -74.073877,
              -2.832156
            ],
            [
              -74.074164,
              -2.832174
            ],
            [
              -74.075184,
              -2.83109
            ],
            [
              -74.076163,
              -2.829535
            ],
            [
              -74.076948,
              -2.82949
            ],
            [
              -74.078009,
              -2.829997
            ],
            [
              -74.078411,
              -2.830667
            ],
            [
              -74.078598,
              -2.832983
            ],
            [
              -74.07925,
              -2.83311
            ],
            [
              -74.079662,
              -2.832776
            ],
            [
              -74.0797,
              -2.832441
            ],
            [
              -74.079217,
              -2.831807
            ],
            [
              -74.079413,
              -2.830017
            ],
            [
              -74.081986,
              -2.827459
            ],
            [
              -74.0839,
              -2.826863
            ],
            [
              -74.084576,
              -2.826095
            ],
            [
              -74.083993,
              -2.825552
            ],
            [
              -74.082874,
              -2.825433
            ],
            [
              -74.08183,
              -2.8246
            ],
            [
              -74.081367,
              -2.823677
            ],
            [
              -74.081639,
              -2.822709
            ],
            [
              -74.082499,
              -2.821878
            ],
            [
              -74.083675,
              -2.82177
            ],
            [
              -74.084848,
              -2.822223
            ],
            [
              -74.085584,
              -2.82349
            ],
            [
              -74.086023,
              -2.823807
            ],
            [
              -74.086344,
              -2.823681
            ],
            [
              -74.086658,
              -2.823102
            ],
            [
              -74.08671,
              -2.821139
            ],
            [
              -74.08571,
              -2.818841
            ],
            [
              -74.085728,
              -2.817303
            ],
            [
              -74.086273,
              -2.81677
            ],
            [
              -74.086874,
              -2.816743
            ],
            [
              -74.08746,
              -2.817042
            ],
            [
              -74.088682,
              -2.818337
            ],
            [
              -74.0891,
              -2.818445
            ],
            [
              -74.089833,
              -2.817777
            ],
            [
              -74.09004,
              -2.816963
            ],
            [
              -74.090816,
              -2.815552
            ],
            [
              -74.089997,
              -2.8149
            ],
            [
              -74.087982,
              -2.814953
            ],
            [
              -74.087639,
              -2.814229
            ],
            [
              -74.08779,
              -2.813406
            ],
            [
              -74.089228,
              -2.811435
            ],
            [
              -74.089808,
              -2.811137
            ],
            [
              -74.090573,
              -2.811174
            ],
            [
              -74.091028,
              -2.810885
            ],
            [
              -74.091013,
              -2.809853
            ],
            [
              -74.090148,
              -2.809038
            ],
            [
              -74.087506,
              -2.808358
            ],
            [
              -74.086797,
              -2.808457
            ],
            [
              -74.085967,
              -2.809225
            ],
            [
              -74.085357,
              -2.80946
            ],
            [
              -74.084752,
              -2.809007
            ],
            [
              -74.083696,
              -2.808979
            ],
            [
              -74.082881,
              -2.807513
            ],
            [
              -74.083076,
              -2.805966
            ],
            [
              -74.084216,
              -2.805334
            ],
            [
              -74.085212,
              -2.805154
            ],
            [
              -74.086744,
              -2.805589
            ],
            [
              -74.090974,
              -2.805954
            ],
            [
              -74.091649,
              -2.804679
            ],
            [
              -74.092779,
              -2.803459
            ],
            [
              -74.093015,
              -2.8026
            ],
            [
              -74.094492,
              -2.801036
            ],
            [
              -74.094949,
              -2.798902
            ],
            [
              -74.095272,
              -2.798748
            ],
            [
              -74.097004,
              -2.797926
            ],
            [
              -74.098003,
              -2.796823
            ],
            [
              -74.097949,
              -2.79648
            ],
            [
              -74.097671,
              -2.796371
            ],
            [
              -74.096354,
              -2.797311
            ],
            [
              -74.095486,
              -2.796939
            ],
            [
              -74.094693,
              -2.795573
            ],
            [
              -74.094976,
              -2.794732
            ],
            [
              -74.096689,
              -2.794326
            ],
            [
              -74.097953,
              -2.793558
            ],
            [
              -74.099724,
              -2.793378
            ],
            [
              -74.10024,
              -2.792881
            ],
            [
              -74.100286,
              -2.791705
            ],
            [
              -74.098865,
              -2.789886
            ],
            [
              -74.098321,
              -2.788429
            ],
            [
              -74.098314,
              -2.787886
            ],
            [
              -74.098796,
              -2.78681
            ],
            [
              -74.099652,
              -2.786585
            ],
            [
              -74.100228,
              -2.786685
            ],
            [
              -74.101125,
              -2.787563
            ],
            [
              -74.101705,
              -2.788993
            ],
            [
              -74.10266,
              -2.789482
            ],
            [
              -74.103642,
              -2.788252
            ],
            [
              -74.103704,
              -2.786181
            ],
            [
              -74.104141,
              -2.785684
            ],
            [
              -74.104948,
              -2.785576
            ],
            [
              -74.105448,
              -2.786173
            ],
            [
              -74.105777,
              -2.787069
            ],
            [
              -74.105548,
              -2.788398
            ],
            [
              -74.105732,
              -2.78952
            ],
            [
              -74.106462,
              -2.789656
            ],
            [
              -74.107099,
              -2.788897
            ],
            [
              -74.106219,
              -2.787033
            ],
            [
              -74.106624,
              -2.786102
            ],
            [
              -74.107435,
              -2.785324
            ],
            [
              -74.109454,
              -2.784258
            ],
            [
              -74.110451,
              -2.783409
            ],
            [
              -74.11103,
              -2.783273
            ],
            [
              -74.111685,
              -2.783518
            ],
            [
              -74.112451,
              -2.785129
            ],
            [
              -74.113259,
              -2.785627
            ],
            [
              -74.113905,
              -2.786026
            ],
            [
              -74.114342,
              -2.786732
            ],
            [
              -74.114377,
              -2.787274
            ],
            [
              -74.113915,
              -2.788133
            ],
            [
              -74.113256,
              -2.788829
            ],
            [
              -74.11289,
              -2.789209
            ],
            [
              -74.113067,
              -2.789734
            ],
            [
              -74.113255,
              -2.789761
            ],
            [
              -74.114304,
              -2.789898
            ],
            [
              -74.115284,
              -2.789745
            ],
            [
              -74.116832,
              -2.789185
            ],
            [
              -74.117797,
              -2.788335
            ],
            [
              -74.118765,
              -2.788038
            ],
            [
              -74.120185,
              -2.788011
            ],
            [
              -74.121069,
              -2.787415
            ],
            [
              -74.12125,
              -2.785516
            ],
            [
              -74.122226,
              -2.784241
            ],
            [
              -74.123354,
              -2.784242
            ],
            [
              -74.124017,
              -2.78493
            ],
            [
              -74.124193,
              -2.785608
            ],
            [
              -74.124113,
              -2.786703
            ],
            [
              -74.123252,
              -2.78777
            ],
            [
              -74.122163,
              -2.788673
            ],
            [
              -74.122416,
              -2.789904
            ],
            [
              -74.122196,
              -2.790555
            ],
            [
              -74.121367,
              -2.791007
            ],
            [
              -74.121291,
              -2.791477
            ],
            [
              -74.122845,
              -2.793523
            ],
            [
              -74.123048,
              -2.794662
            ],
            [
              -74.123358,
              -2.794961
            ],
            [
              -74.124373,
              -2.794862
            ],
            [
              -74.128225,
              -2.793011
            ],
            [
              -74.129207,
              -2.792234
            ],
            [
              -74.130283,
              -2.791755
            ],
            [
              -74.131072,
              -2.791023
            ],
            [
              -74.131492,
              -2.790309
            ],
            [
              -74.131587,
              -2.789531
            ],
            [
              -74.130095,
              -2.788408
            ],
            [
              -74.130073,
              -2.787775
            ],
            [
              -74.130538,
              -2.786689
            ],
            [
              -74.132243,
              -2.785234
            ],
            [
              -74.133481,
              -2.785452
            ],
            [
              -74.134161,
              -2.7851
            ],
            [
              -74.134622,
              -2.783499
            ],
            [
              -74.135629,
              -2.781917
            ],
            [
              -74.137646,
              -2.780145
            ],
            [
              -74.139038,
              -2.778464
            ],
            [
              -74.139805,
              -2.776284
            ],
            [
              -74.139644,
              -2.775171
            ],
            [
              -74.139275,
              -2.774864
            ],
            [
              -74.138919,
              -2.774909
            ],
            [
              -74.138576,
              -2.775397
            ],
            [
              -74.138448,
              -2.778255
            ],
            [
              -74.137482,
              -2.778481
            ],
            [
              -74.134511,
              -2.776588
            ],
            [
              -74.134078,
              -2.776099
            ],
            [
              -74.134024,
              -2.77562
            ],
            [
              -74.134148,
              -2.77457
            ],
            [
              -74.134832,
              -2.773114
            ],
            [
              -74.134963,
              -2.771749
            ],
            [
              -74.136995,
              -2.769805
            ],
            [
              -74.137675,
              -2.770258
            ],
            [
              -74.137758,
              -2.770982
            ],
            [
              -74.136965,
              -2.772329
            ],
            [
              -74.136429,
              -2.772799
            ],
            [
              -74.136415,
              -2.773288
            ],
            [
              -74.136628,
              -2.773496
            ],
            [
              -74.13722,
              -2.773008
            ],
            [
              -74.13752,
              -2.772384
            ],
            [
              -74.138123,
              -2.772004
            ],
            [
              -74.138849,
              -2.772258
            ],
            [
              -74.140509,
              -2.772332
            ],
            [
              -74.143477,
              -2.771927
            ],
            [
              -74.146946,
              -2.772363
            ],
            [
              -74.147851,
              -2.771505
            ],
            [
              -74.147601,
              -2.770672
            ],
            [
              -74.147724,
              -2.770202
            ],
            [
              -74.148919,
              -2.768991
            ],
            [
              -74.148308,
              -2.767914
            ],
            [
              -74.148233,
              -2.766919
            ],
            [
              -74.149059,
              -2.76625
            ],
            [
              -74.150653,
              -2.766486
            ],
            [
              -74.151232,
              -2.765908
            ],
            [
              -74.151072,
              -2.765202
            ],
            [
              -74.151156,
              -2.763556
            ],
            [
              -74.152294,
              -2.762833
            ],
            [
              -74.15148,
              -2.762081
            ],
            [
              -74.151533,
              -2.761267
            ],
            [
              -74.1531,
              -2.761015
            ],
            [
              -74.154444,
              -2.760039
            ],
            [
              -74.156221,
              -2.760013
            ],
            [
              -74.157851,
              -2.759689
            ],
            [
              -74.158258,
              -2.759933
            ],
            [
              -74.159023,
              -2.760386
            ],
            [
              -74.159666,
              -2.761164
            ],
            [
              -74.160566,
              -2.7614
            ],
            [
              -74.160946,
              -2.760831
            ],
            [
              -74.160515,
              -2.759908
            ],
            [
              -74.160586,
              -2.759329
            ],
            [
              -74.162153,
              -2.758814
            ],
            [
              -74.163108,
              -2.757992
            ],
            [
              -74.1634,
              -2.758073
            ],
            [
              -74.163993,
              -2.758671
            ],
            [
              -74.164024,
              -2.759141
            ],
            [
              -74.163467,
              -2.759765
            ],
            [
              -74.162318,
              -2.760307
            ],
            [
              -74.162165,
              -2.761012
            ],
            [
              -74.162446,
              -2.761402
            ],
            [
              -74.164295,
              -2.762353
            ],
            [
              -74.165227,
              -2.762589
            ],
            [
              -74.167361,
              -2.761875
            ],
            [
              -74.16794,
              -2.76127
            ],
            [
              -74.16882,
              -2.761361
            ],
            [
              -74.169117,
              -2.762003
            ],
            [
              -74.168708,
              -2.762582
            ],
            [
              -74.168719,
              -2.763242
            ],
            [
              -74.168382,
              -2.764129
            ],
            [
              -74.169276,
              -2.765097
            ],
            [
              -74.171871,
              -2.764692
            ],
            [
              -74.173854,
              -2.763409
            ],
            [
              -74.174842,
              -2.763292
            ],
            [
              -74.175472,
              -2.763745
            ],
            [
              -74.175572,
              -2.764152
            ],
            [
              -74.175124,
              -2.764993
            ],
            [
              -74.174047,
              -2.766078
            ],
            [
              -74.173664,
              -2.767416
            ],
            [
              -74.173763,
              -2.767859
            ],
            [
              -74.174125,
              -2.768077
            ],
            [
              -74.174445,
              -2.767923
            ],
            [
              -74.175878,
              -2.765726
            ],
            [
              -74.177157,
              -2.765528
            ],
            [
              -74.177739,
              -2.765827
            ],
            [
              -74.17851,
              -2.767628
            ],
            [
              -74.179014,
              -2.768343
            ],
            [
              -74.179415,
              -2.768451
            ],
            [
              -74.180341,
              -2.767819
            ],
            [
              -74.180517,
              -2.767475
            ],
            [
              -74.180281,
              -2.766588
            ],
            [
              -74.178967,
              -2.76505
            ],
            [
              -74.178946,
              -2.764579
            ],
            [
              -74.179621,
              -2.76382
            ],
            [
              -74.181462,
              -2.76459
            ],
            [
              -74.183248,
              -2.763017
            ],
            [
              -74.184849,
              -2.763046
            ],
            [
              -74.185744,
              -2.764349
            ],
            [
              -74.188074,
              -2.765545
            ],
            [
              -74.188601,
              -2.766857
            ],
            [
              -74.189023,
              -2.767164
            ],
            [
              -74.189223,
              -2.766821
            ],
            [
              -74.18856,
              -2.765038
            ],
            [
              -74.18897,
              -2.76446
            ],
            [
              -74.189619,
              -2.764026
            ],
            [
              -74.190838,
              -2.764045
            ],
            [
              -74.191113,
              -2.765149
            ],
            [
              -74.191726,
              -2.76561
            ],
            [
              -74.195632,
              -2.765676
            ],
            [
              -74.19574,
              -2.765296
            ],
            [
              -74.194947,
              -2.764464
            ],
            [
              -74.195188,
              -2.763514
            ],
            [
              -74.195749,
              -2.76318
            ],
            [
              -74.197994,
              -2.762458
            ],
            [
              -74.198837,
              -2.7632
            ],
            [
              -74.199158,
              -2.764286
            ],
            [
              -74.19962,
              -2.764367
            ],
            [
              -74.199851,
              -2.764105
            ],
            [
              -74.199806,
              -2.762558
            ],
            [
              -74.201356,
              -2.761682
            ],
            [
              -74.201884,
              -2.761601
            ],
            [
              -74.202614,
              -2.762108
            ],
            [
              -74.203238,
              -2.762235
            ],
            [
              -74.203243,
              -2.753596
            ],
            [
              -74.203273,
              -2.708365
            ],
            [
              -74.203302,
              -2.663133
            ],
            [
              -74.203331,
              -2.617902
            ],
            [
              -74.248307,
              -2.61793
            ],
            [
              -74.248334,
              -2.572698
            ],
            [
              -74.20336,
              -2.572671
            ],
            [
              -74.203309,
              -2.572671
            ],
            [
              -74.182261,
              -2.572658
            ],
            [
              -74.182082,
              -2.572739
            ],
            [
              -74.181843,
              -2.572657
            ],
            [
              -74.180914,
              -2.57234
            ],
            [
              -74.180203,
              -2.572367
            ],
            [
              -74.179965,
              -2.572656
            ],
            [
              -74.179645,
              -2.573045
            ],
            [
              -74.180385,
              -2.573579
            ],
            [
              -74.180294,
              -2.574095
            ],
            [
              -74.176958,
              -2.574635
            ],
            [
              -74.176882,
              -2.575404
            ],
            [
              -74.17778,
              -2.576499
            ],
            [
              -74.177138,
              -2.577349
            ],
            [
              -74.17684,
              -2.577349
            ],
            [
              -74.176292,
              -2.576806
            ],
            [
              -74.17605,
              -2.57572
            ],
            [
              -74.175455,
              -2.575295
            ],
            [
              -74.175196,
              -2.57534
            ],
            [
              -74.174856,
              -2.575918
            ],
            [
              -74.174759,
              -2.577402
            ],
            [
              -74.173107,
              -2.577898
            ],
            [
              -74.1724,
              -2.577545
            ],
            [
              -74.172898,
              -2.576668
            ],
            [
              -74.172769,
              -2.576008
            ],
            [
              -74.172445,
              -2.575655
            ],
            [
              -74.171521,
              -2.575781
            ],
            [
              -74.170502,
              -2.576639
            ],
            [
              -74.170058,
              -2.576458
            ],
            [
              -74.169825,
              -2.575671
            ],
            [
              -74.169102,
              -2.575517
            ],
            [
              -74.168551,
              -2.575969
            ],
            [
              -74.167916,
              -2.577352
            ],
            [
              -74.168309,
              -2.578131
            ],
            [
              -74.169337,
              -2.578375
            ],
            [
              -74.169047,
              -2.579027
            ],
            [
              -74.168144,
              -2.579243
            ],
            [
              -74.166789,
              -2.57907
            ],
            [
              -74.166163,
              -2.578636
            ],
            [
              -74.164895,
              -2.578789
            ],
            [
              -74.164667,
              -2.579078
            ],
            [
              -74.16477,
              -2.579485
            ],
            [
              -74.165665,
              -2.580616
            ],
            [
              -74.165319,
              -2.580915
            ],
            [
              -74.163282,
              -2.580814
            ],
            [
              -74.163293,
              -2.5817
            ],
            [
              -74.163887,
              -2.58266
            ],
            [
              -74.16364,
              -2.583293
            ],
            [
              -74.162641,
              -2.583202
            ],
            [
              -74.161568,
              -2.582387
            ],
            [
              -74.160102,
              -2.582684
            ],
            [
              -74.159716,
              -2.583281
            ],
            [
              -74.159859,
              -2.58424
            ],
            [
              -74.161914,
              -2.586304
            ],
            [
              -74.162003,
              -2.586702
            ],
            [
              -74.16162,
              -2.586964
            ],
            [
              -74.159702,
              -2.587207
            ],
            [
              -74.159491,
              -2.588184
            ],
            [
              -74.160814,
              -2.588845
            ],
            [
              -74.160734,
              -2.589153
            ],
            [
              -74.160102,
              -2.589614
            ],
            [
              -74.159595,
              -2.589559
            ],
            [
              -74.15865,
              -2.587921
            ],
            [
              -74.158375,
              -2.587885
            ]
          ],
          [
            [
              -74.12562,
              -2.793778
            ],
            [
              -74.124855,
              -2.793859
            ],
            [
              -74.12428,
              -2.793677
            ],
            [
              -74.124149,
              -2.792872
            ],
            [
              -74.12445,
              -2.792375
            ],
            [
              -74.124373,
              -2.791778
            ],
            [
              -74.123063,
              -2.791107
            ],
            [
              -74.123664,
              -2.790945
            ],
            [
              -74.124902,
              -2.791434
            ],
            [
              -74.124974,
              -2.79205
            ],
            [
              -74.12452,
              -2.793261
            ],
            [
              -74.124662,
              -2.793451
            ],
            [
              -74.125367,
              -2.79338
            ],
            [
              -74.126174,
              -2.792747
            ],
            [
              -74.126487,
              -2.792195
            ],
            [
              -74.125991,
              -2.789608
            ],
            [
              -74.12558,
              -2.789101
            ],
            [
              -74.124994,
              -2.788829
            ],
            [
              -74.124045,
              -2.788883
            ],
            [
              -74.123173,
              -2.78928
            ],
            [
              -74.123253,
              -2.788936
            ],
            [
              -74.124259,
              -2.788376
            ],
            [
              -74.125209,
              -2.788323
            ],
            [
              -74.125714,
              -2.788703
            ],
            [
              -74.126606,
              -2.790142
            ],
            [
              -74.126917,
              -2.790966
            ],
            [
              -74.126878,
              -2.791933
            ],
            [
              -74.126539,
              -2.792422
            ],
            [
              -74.126483,
              -2.792946
            ],
            [
              -74.12562,
              -2.793778
            ]
          ],
          [
            [
              -74.032376,
              -2.857749
            ],
            [
              -74.032272,
              -2.858192
            ],
            [
              -74.032006,
              -2.857549
            ],
            [
              -74.03107,
              -2.856463
            ],
            [
              -74.030685,
              -2.856589
            ],
            [
              -74.030602,
              -2.857232
            ],
            [
              -74.031043,
              -2.858326
            ],
            [
              -74.029898,
              -2.859357
            ],
            [
              -74.029768,
              -2.859908
            ],
            [
              -74.030206,
              -2.860099
            ],
            [
              -74.030933,
              -2.859692
            ],
            [
              -74.031475,
              -2.859783
            ],
            [
              -74.030717,
              -2.860479
            ],
            [
              -74.029344,
              -2.860605
            ],
            [
              -74.029004,
              -2.86008
            ],
            [
              -74.029006,
              -2.859673
            ],
            [
              -74.030242,
              -2.858471
            ],
            [
              -74.030407,
              -2.857964
            ],
            [
              -74.029997,
              -2.856788
            ],
            [
              -74.030153,
              -2.855992
            ],
            [
              -74.03069,
              -2.855748
            ],
            [
              -74.031413,
              -2.855893
            ],
            [
              -74.032376,
              -2.857749
            ]
          ]
        ]
      }
    },
    {
      "type": "Feature",
      "properties": {
        "HA": 46418.1288205,
        "CONTRATO_1": "16-LOR-MAY/CON-MAD-2018-006",
        "comprado": "Consorcio GGF Group",
        "py_carbono": "Loreto 1",
        "nombre": "Tacsha 6"
      },
      "geometry": {
        "type": "Polygon",
        "coordinates": [
          [
            [
              -73.573164,
              -3.07613
            ],
            [
              -73.573113,
              -3.114776
            ],
            [
              -73.573051,
              -3.159997
            ],
            [
              -73.572989,
              -3.205218
            ],
            [
              -73.528,
              -3.205154
            ],
            [
              -73.483012,
              -3.205088
            ],
            [
              -73.482945,
              -3.250307
            ],
            [
              -73.482851,
              -3.250307
            ],
            [
              -73.437955,
              -3.250238
            ],
            [
              -73.437901,
              -3.285441
            ],
            [
              -73.572846,
              -3.285644
            ],
            [
              -73.572878,
              -3.285644
            ],
            [
              -73.572858,
              -3.311952
            ],
            [
              -73.575718,
              -3.311567
            ],
            [
              -73.585714,
              -3.311581
            ],
            [
              -73.603576,
              -3.311607
            ],
            [
              -73.617846,
              -3.302741
            ],
            [
              -73.620268,
              -3.301237
            ],
            [
              -73.628324,
              -3.314328
            ],
            [
              -73.658642,
              -3.306805
            ],
            [
              -73.662755,
              -3.305784
            ],
            [
              -73.662911,
              -3.250563
            ],
            [
              -73.66297,
              -3.20534
            ],
            [
              -73.707962,
              -3.205398
            ],
            [
              -73.708018,
              -3.160174
            ],
            [
              -73.663028,
              -3.160117
            ],
            [
              -73.663086,
              -3.114894
            ],
            [
              -73.708074,
              -3.114951
            ],
            [
              -73.708128,
              -3.069727
            ],
            [
              -73.708182,
              -3.024503
            ],
            [
              -73.708219,
              -2.993507
            ],
            [
              -73.707257,
              -2.993053
            ],
            [
              -73.705703,
              -2.992657
            ],
            [
              -73.703595,
              -2.991323
            ],
            [
              -73.702986,
              -2.991204
            ],
            [
              -73.702743,
              -2.991559
            ],
            [
              -73.702884,
              -2.991981
            ],
            [
              -73.705375,
              -2.994154
            ],
            [
              -73.706381,
              -2.99552
            ],
            [
              -73.706824,
              -2.998706
            ],
            [
              -73.70638,
              -2.999785
            ],
            [
              -73.705961,
              -2.999886
            ],
            [
              -73.703772,
              -2.999561
            ],
            [
              -73.702072,
              -2.99904
            ],
            [
              -73.70066,
              -2.999063
            ],
            [
              -73.700462,
              -2.999475
            ],
            [
              -73.700535,
              -3.00012
            ],
            [
              -73.702411,
              -3.001983
            ],
            [
              -73.702032,
              -3.002713
            ],
            [
              -73.701235,
              -3.00311
            ],
            [
              -73.700549,
              -3.002982
            ],
            [
              -73.699924,
              -3.002469
            ],
            [
              -73.69916,
              -3.000989
            ],
            [
              -73.698245,
              -2.999901
            ],
            [
              -73.697381,
              -2.999666
            ],
            [
              -73.696077,
              -3.000117
            ],
            [
              -73.695246,
              -3.000777
            ],
            [
              -73.69465,
              -3.001825
            ],
            [
              -73.696668,
              -3.003498
            ],
            [
              -73.697008,
              -3.004335
            ],
            [
              -73.696802,
              -3.005198
            ],
            [
              -73.695563,
              -3.006592
            ],
            [
              -73.694582,
              -3.007244
            ],
            [
              -73.691547,
              -3.007786
            ],
            [
              -73.690963,
              -3.00852
            ],
            [
              -73.690581,
              -3.009662
            ],
            [
              -73.690742,
              -3.011106
            ],
            [
              -73.691253,
              -3.012174
            ],
            [
              -73.692206,
              -3.012842
            ],
            [
              -73.694402,
              -3.013367
            ],
            [
              -73.695133,
              -3.014236
            ],
            [
              -73.695254,
              -3.014894
            ],
            [
              -73.694893,
              -3.015459
            ],
            [
              -73.694129,
              -3.015807
            ],
            [
              -73.690734,
              -3.016039
            ],
            [
              -73.689236,
              -3.016691
            ],
            [
              -73.686831,
              -3.018884
            ],
            [
              -73.685656,
              -3.021485
            ],
            [
              -73.684163,
              -3.023065
            ],
            [
              -73.683521,
              -3.023313
            ],
            [
              -73.682538,
              -3.023169
            ],
            [
              -73.682038,
              -3.022833
            ],
            [
              -73.680163,
              -3.020375
            ],
            [
              -73.676778,
              -3.01926
            ],
            [
              -73.67491,
              -3.016599
            ],
            [
              -73.674139,
              -3.016762
            ],
            [
              -73.672488,
              -3.018262
            ],
            [
              -73.671792,
              -3.018455
            ],
            [
              -73.671046,
              -3.017952
            ],
            [
              -73.669873,
              -3.016078
            ],
            [
              -73.668913,
              -3.015571
            ],
            [
              -73.668155,
              -3.016143
            ],
            [
              -73.667892,
              -3.016811
            ],
            [
              -73.668217,
              -3.021735
            ],
            [
              -73.667599,
              -3.023379
            ],
            [
              -73.664923,
              -3.026512
            ],
            [
              -73.663194,
              -3.028039
            ],
            [
              -73.662843,
              -3.028346
            ],
            [
              -73.661757,
              -3.028897
            ],
            [
              -73.658862,
              -3.02949
            ],
            [
              -73.657994,
              -3.029869
            ],
            [
              -73.657636,
              -3.030447
            ],
            [
              -73.657447,
              -3.032455
            ],
            [
              -73.656807,
              -3.033368
            ],
            [
              -73.655964,
              -3.033891
            ],
            [
              -73.655387,
              -3.034008
            ],
            [
              -73.654569,
              -3.033455
            ],
            [
              -73.654433,
              -3.031764
            ],
            [
              -73.65384,
              -3.030714
            ],
            [
              -73.654121,
              -3.029376
            ],
            [
              -73.653889,
              -3.027304
            ],
            [
              -73.652557,
              -3.027954
            ],
            [
              -73.650459,
              -3.030212
            ],
            [
              -73.650232,
              -3.03108
            ],
            [
              -73.649999,
              -3.03609
            ],
            [
              -73.648623,
              -3.038142
            ],
            [
              -73.64876,
              -3.038757
            ],
            [
              -73.64977,
              -3.040215
            ],
            [
              -73.650231,
              -3.041346
            ],
            [
              -73.650392,
              -3.042585
            ],
            [
              -73.65003,
              -3.043399
            ],
            [
              -73.648673,
              -3.044337
            ],
            [
              -73.647522,
              -3.044028
            ],
            [
              -73.645944,
              -3.042163
            ],
            [
              -73.645593,
              -3.039739
            ],
            [
              -73.644841,
              -3.039376
            ],
            [
              -73.642632,
              -3.042195
            ],
            [
              -73.640624,
              -3.045322
            ],
            [
              -73.640786,
              -3.045567
            ],
            [
              -73.641995,
              -3.044845
            ],
            [
              -73.643076,
              -3.044891
            ],
            [
              -73.64485,
              -3.04559
            ],
            [
              -73.646498,
              -3.046949
            ],
            [
              -73.647209,
              -3.047917
            ],
            [
              -73.647448,
              -3.049537
            ],
            [
              -73.649266,
              -3.052098
            ],
            [
              -73.649309,
              -3.053392
            ],
            [
              -73.649086,
              -3.054151
            ],
            [
              -73.648312,
              -3.054702
            ],
            [
              -73.647098,
              -3.054791
            ],
            [
              -73.64411,
              -3.054389
            ],
            [
              -73.642795,
              -3.053854
            ],
            [
              -73.641049,
              -3.052703
            ],
            [
              -73.639322,
              -3.050973
            ],
            [
              -73.638677,
              -3.051009
            ],
            [
              -73.638739,
              -3.052411
            ],
            [
              -73.638985,
              -3.053153
            ],
            [
              -73.641237,
              -3.05595
            ],
            [
              -73.641396,
              -3.056792
            ],
            [
              -73.641182,
              -3.057452
            ],
            [
              -73.640687,
              -3.057795
            ],
            [
              -73.639846,
              -3.057902
            ],
            [
              -73.636814,
              -3.056153
            ],
            [
              -73.635547,
              -3.05588
            ],
            [
              -73.635256,
              -3.05625
            ],
            [
              -73.635266,
              -3.058493
            ],
            [
              -73.634653,
              -3.059216
            ],
            [
              -73.633509,
              -3.05935
            ],
            [
              -73.632353,
              -3.058499
            ],
            [
              -73.631528,
              -3.058642
            ],
            [
              -73.631817,
              -3.059927
            ],
            [
              -73.633983,
              -3.062761
            ],
            [
              -73.634523,
              -3.064136
            ],
            [
              -73.634529,
              -3.067184
            ],
            [
              -73.634181,
              -3.068775
            ],
            [
              -73.633672,
              -3.069634
            ],
            [
              -73.63364,
              -3.069688
            ],
            [
              -73.631958,
              -3.070997
            ],
            [
              -73.631218,
              -3.071123
            ],
            [
              -73.629863,
              -3.069629
            ],
            [
              -73.629568,
              -3.069303
            ],
            [
              -73.628382,
              -3.066941
            ],
            [
              -73.627792,
              -3.066551
            ],
            [
              -73.62744,
              -3.066587
            ],
            [
              -73.627103,
              -3.06693
            ],
            [
              -73.627002,
              -3.067654
            ],
            [
              -73.627028,
              -3.069625
            ],
            [
              -73.627078,
              -3.073325
            ],
            [
              -73.626466,
              -3.074075
            ],
            [
              -73.625384,
              -3.074254
            ],
            [
              -73.624826,
              -3.074018
            ],
            [
              -73.624378,
              -3.073457
            ],
            [
              -73.624113,
              -3.070499
            ],
            [
              -73.623843,
              -3.069621
            ],
            [
              -73.623618,
              -3.068888
            ],
            [
              -73.623029,
              -3.068273
            ],
            [
              -73.622519,
              -3.068163
            ],
            [
              -73.622134,
              -3.068344
            ],
            [
              -73.621324,
              -3.069618
            ],
            [
              -73.621048,
              -3.070052
            ],
            [
              -73.621048,
              -3.071815
            ],
            [
              -73.620241,
              -3.073886
            ],
            [
              -73.620797,
              -3.075424
            ],
            [
              -73.620787,
              -3.076057
            ],
            [
              -73.620342,
              -3.07678
            ],
            [
              -73.618848,
              -3.078135
            ],
            [
              -73.619109,
              -3.080884
            ],
            [
              -73.618839,
              -3.083163
            ],
            [
              -73.618604,
              -3.083461
            ],
            [
              -73.61814,
              -3.083181
            ],
            [
              -73.61713,
              -3.082573
            ],
            [
              -73.615708,
              -3.080283
            ],
            [
              -73.614812,
              -3.080101
            ],
            [
              -73.613421,
              -3.079005
            ],
            [
              -73.612681,
              -3.078045
            ],
            [
              -73.61213,
              -3.076389
            ],
            [
              -73.610087,
              -3.07456
            ],
            [
              -73.610104,
              -3.073619
            ],
            [
              -73.610895,
              -3.072761
            ],
            [
              -73.615218,
              -3.071356
            ],
            [
              -73.616498,
              -3.070706
            ],
            [
              -73.617056,
              -3.069612
            ],
            [
              -73.617084,
              -3.069558
            ],
            [
              -73.617088,
              -3.068762
            ],
            [
              -73.616806,
              -3.068093
            ],
            [
              -73.616079,
              -3.067413
            ],
            [
              -73.615366,
              -3.067078
            ],
            [
              -73.614127,
              -3.066877
            ],
            [
              -73.613137,
              -3.066994
            ],
            [
              -73.612116,
              -3.067625
            ],
            [
              -73.610183,
              -3.069604
            ],
            [
              -73.609759,
              -3.070037
            ],
            [
              -73.607892,
              -3.071391
            ],
            [
              -73.605845,
              -3.072492
            ],
            [
              -73.604512,
              -3.072536
            ],
            [
              -73.603434,
              -3.071874
            ],
            [
              -73.602964,
              -3.071032
            ],
            [
              -73.6034,
              -3.069595
            ],
            [
              -73.60351,
              -3.069233
            ],
            [
              -73.603604,
              -3.068175
            ],
            [
              -73.603567,
              -3.065516
            ],
            [
              -73.603279,
              -3.064068
            ],
            [
              -73.602013,
              -3.062077
            ],
            [
              -73.601274,
              -3.061434
            ],
            [
              -73.599268,
              -3.061169
            ],
            [
              -73.598009,
              -3.061402
            ],
            [
              -73.592304,
              -3.064009
            ],
            [
              -73.588567,
              -3.064601
            ],
            [
              -73.587775,
              -3.065377
            ],
            [
              -73.587455,
              -3.067322
            ],
            [
              -73.587636,
              -3.068009
            ],
            [
              -73.589168,
              -3.069576
            ],
            [
              -73.592054,
              -3.072528
            ],
            [
              -73.591961,
              -3.073939
            ],
            [
              -73.591223,
              -3.074634
            ],
            [
              -73.586855,
              -3.07424
            ],
            [
              -73.584611,
              -3.073803
            ],
            [
              -73.583239,
              -3.073312
            ],
            [
              -73.582605,
              -3.072407
            ],
            [
              -73.582478,
              -3.071331
            ],
            [
              -73.583532,
              -3.069568
            ],
            [
              -73.584273,
              -3.06833
            ],
            [
              -73.583215,
              -3.068049
            ],
            [
              -73.582013,
              -3.068924
            ],
            [
              -73.579634,
              -3.069563
            ],
            [
              -73.577891,
              -3.070031
            ],
            [
              -73.576651,
              -3.070943
            ],
            [
              -73.577045,
              -3.07173
            ],
            [
              -73.579762,
              -3.074483
            ],
            [
              -73.579807,
              -3.075433
            ],
            [
              -73.579284,
              -3.076237
            ],
            [
              -73.578227,
              -3.076408
            ],
            [
              -73.573164,
              -3.07613
            ]
          ]
        ]
      }
    },
    {
      "type": "Feature",
      "properties": {
        "HA": 5308.05885937,
        "CONTRATO_1": "16-IQU/C-J-171-04",
        "comprado": "Consorcio GGF Group",
        "py_carbono": "Loreto 1",
        "nombre": "Tacsha 3"
      },
      "geometry": {
        "type": "Polygon",
        "coordinates": [
          [
            [
              -73.70822,
              -2.992657
            ],
            [
              -73.709707,
              -2.993536
            ],
            [
              -73.711112,
              -2.993755
            ],
            [
              -73.712392,
              -2.994371
            ],
            [
              -73.713619,
              -2.994264
            ],
            [
              -73.7149,
              -2.993641
            ],
            [
              -73.715355,
              -2.993081
            ],
            [
              -73.715469,
              -2.992457
            ],
            [
              -73.714883,
              -2.991453
            ],
            [
              -73.71424,
              -2.990837
            ],
            [
              -73.713085,
              -2.990347
            ],
            [
              -73.710191,
              -2.989855
            ],
            [
              -73.708629,
              -2.988659
            ],
            [
              -73.708828,
              -2.985982
            ],
            [
              -73.709169,
              -2.985368
            ],
            [
              -73.709741,
              -2.984934
            ],
            [
              -73.710547,
              -2.984809
            ],
            [
              -73.711117,
              -2.985026
            ],
            [
              -73.712046,
              -2.985869
            ],
            [
              -73.712806,
              -2.987289
            ],
            [
              -73.713687,
              -2.987924
            ],
            [
              -73.717237,
              -2.987991
            ],
            [
              -73.719453,
              -2.988283
            ],
            [
              -73.720248,
              -2.988682
            ],
            [
              -73.720725,
              -2.989334
            ],
            [
              -73.720773,
              -2.991378
            ],
            [
              -73.72108,
              -2.991695
            ],
            [
              -73.72275,
              -2.990901
            ],
            [
              -73.72492,
              -2.989321
            ],
            [
              -73.725904,
              -2.988164
            ],
            [
              -73.726502,
              -2.987061
            ],
            [
              -73.726694,
              -2.986094
            ],
            [
              -73.726656,
              -2.98395
            ],
            [
              -73.72577,
              -2.980865
            ],
            [
              -73.726627,
              -2.979826
            ],
            [
              -73.728035,
              -2.97971
            ],
            [
              -73.729739,
              -2.981258
            ],
            [
              -73.730259,
              -2.9822
            ],
            [
              -73.730977,
              -2.984968
            ],
            [
              -73.732151,
              -2.986399
            ],
            [
              -73.732404,
              -2.986254
            ],
            [
              -73.732255,
              -2.984924
            ],
            [
              -73.732558,
              -2.982745
            ],
            [
              -73.733098,
              -2.981714
            ],
            [
              -73.733694,
              -2.981145
            ],
            [
              -73.734173,
              -2.98101
            ],
            [
              -73.734988,
              -2.981165
            ],
            [
              -73.735641,
              -2.981645
            ],
            [
              -73.735796,
              -2.982875
            ],
            [
              -73.735445,
              -2.985435
            ],
            [
              -73.735773,
              -2.98586
            ],
            [
              -73.736281,
              -2.985987
            ],
            [
              -73.737168,
              -2.985581
            ],
            [
              -73.738515,
              -2.98296
            ],
            [
              -73.74006,
              -2.981343
            ],
            [
              -73.741343,
              -2.981208
            ],
            [
              -73.742361,
              -2.981562
            ],
            [
              -73.743206,
              -2.982359
            ],
            [
              -73.74347,
              -2.983291
            ],
            [
              -73.743459,
              -2.984919
            ],
            [
              -73.742892,
              -2.986122
            ],
            [
              -73.742935,
              -2.986746
            ],
            [
              -73.743545,
              -2.987389
            ],
            [
              -73.744324,
              -2.987588
            ],
            [
              -73.745402,
              -2.988377
            ],
            [
              -73.745769,
              -2.988359
            ],
            [
              -73.74784,
              -2.986815
            ],
            [
              -73.748842,
              -2.985522
            ],
            [
              -73.747984,
              -2.985286
            ],
            [
              -73.746771,
              -2.986026
            ],
            [
              -73.7458,
              -2.98617
            ],
            [
              -73.745002,
              -2.985789
            ],
            [
              -73.744581,
              -2.985011
            ],
            [
              -73.744626,
              -2.983754
            ],
            [
              -73.746273,
              -2.980689
            ],
            [
              -73.746661,
              -2.979324
            ],
            [
              -73.746712,
              -2.979143
            ],
            [
              -73.747368,
              -2.97814
            ],
            [
              -73.747937,
              -2.977498
            ],
            [
              -73.748466,
              -2.977391
            ],
            [
              -73.750208,
              -2.978469
            ],
            [
              -73.750655,
              -2.978497
            ],
            [
              -73.751528,
              -2.977602
            ],
            [
              -73.752321,
              -2.97621
            ],
            [
              -73.753222,
              -2.975985
            ],
            [
              -73.754465,
              -2.975679
            ],
            [
              -73.755599,
              -2.974821
            ],
            [
              -73.755618,
              -2.974468
            ],
            [
              -73.753899,
              -2.973046
            ],
            [
              -73.753227,
              -2.972078
            ],
            [
              -73.75243,
              -2.970937
            ],
            [
              -73.752293,
              -2.969155
            ],
            [
              -73.752604,
              -2.96665
            ],
            [
              -73.753085,
              -2.965122
            ],
            [
              -73.753235,
              -2.964959
            ],
            [
              -73.753269,
              -2.934107
            ],
            [
              -73.753319,
              -2.888882
            ],
            [
              -73.708339,
              -2.888832
            ],
            [
              -73.708288,
              -2.934056
            ],
            [
              -73.708235,
              -2.979279
            ],
            [
              -73.70822,
              -2.992657
            ]
          ]
        ]
      }
    },
    {
      "type": "Feature",
      "properties": {
        "HA": 4630.19918741,
        "CONTRATO_1": "16-LOR-MAY/CON-MAD-2018-010",
        "comprado": "Consorcio GGF Group",
        "py_carbono": "Loreto 2",
        "nombre": "Tacsha 4"
      },
      "geometry": {
        "type": "Polygon",
        "coordinates": [
          [
            [
              -73.594057,
              -2.75303
            ],
            [
              -73.590802,
              -2.753026
            ],
            [
              -73.572073,
              -2.791842
            ],
            [
              -73.573213,
              -2.798227
            ],
            [
              -73.573517,
              -2.798227
            ],
            [
              -73.61849,
              -2.798281
            ],
            [
              -73.663465,
              -2.798333
            ],
            [
              -73.663516,
              -2.75311
            ],
            [
              -73.618543,
              -2.753059
            ],
            [
              -73.603131,
              -2.753041
            ],
            [
              -73.594057,
              -2.75303
            ]
          ]
        ]
      }
    },
    {
      "type": "Feature",
      "properties": {
        "HA": 6789.6133375,
        "CONTRATO_1": "16-LOR-MAY/CON-MAD-2018-008",
        "comprado": "Consorcio GGF Group",
        "py_carbono": "Loreto 1",
        "nombre": "Tacsha 8"
      },
      "geometry": {
        "type": "Polygon",
        "coordinates": [
          [
            [
              -73.978421,
              -2.662967
            ],
            [
              -73.978384,
              -2.708195
            ],
            [
              -74.02336,
              -2.708232
            ],
            [
              -74.023396,
              -2.663003
            ],
            [
              -74.023432,
              -2.617774
            ],
            [
              -74.023451,
              -2.592383
            ],
            [
              -74.02331,
              -2.592555
            ],
            [
              -74.021693,
              -2.591441
            ],
            [
              -74.021348,
              -2.590843
            ],
            [
              -74.020571,
              -2.590173
            ],
            [
              -74.020551,
              -2.589848
            ],
            [
              -74.020908,
              -2.58935
            ],
            [
              -74.020896,
              -2.588889
            ],
            [
              -74.020641,
              -2.588753
            ],
            [
              -74.019855,
              -2.588897
            ],
            [
              -74.019464,
              -2.59039
            ],
            [
              -74.018707,
              -2.591122
            ],
            [
              -74.018457,
              -2.589141
            ],
            [
              -74.017714,
              -2.589176
            ],
            [
              -74.016828,
              -2.590442
            ],
            [
              -74.016355,
              -2.590659
            ],
            [
              -74.01604,
              -2.590315
            ],
            [
              -74.015931,
              -2.588614
            ],
            [
              -74.015128,
              -2.588722
            ],
            [
              -74.014604,
              -2.589934
            ],
            [
              -74.013677,
              -2.590439
            ],
            [
              -74.013435,
              -2.589842
            ],
            [
              -74.013454,
              -2.588105
            ],
            [
              -74.013894,
              -2.587536
            ],
            [
              -74.014602,
              -2.587111
            ],
            [
              -74.013503,
              -2.586079
            ],
            [
              -74.012771,
              -2.586296
            ],
            [
              -74.012444,
              -2.58663
            ],
            [
              -74.01253,
              -2.588249
            ],
            [
              -74.01223,
              -2.588891
            ],
            [
              -74.012314,
              -2.590836
            ],
            [
              -74.011748,
              -2.591469
            ],
            [
              -74.010899,
              -2.591776
            ],
            [
              -74.010355,
              -2.591432
            ],
            [
              -74.009995,
              -2.590807
            ],
            [
              -74.00986,
              -2.587587
            ],
            [
              -74.009276,
              -2.586989
            ],
            [
              -74.00815,
              -2.586437
            ],
            [
              -74.007494,
              -2.586382
            ],
            [
              -74.007081,
              -2.586789
            ],
            [
              -74.006927,
              -2.587476
            ],
            [
              -74.006533,
              -2.587738
            ],
            [
              -74.006078,
              -2.587439
            ],
            [
              -74.005899,
              -2.586471
            ],
            [
              -74.005189,
              -2.586263
            ],
            [
              -74.004695,
              -2.586588
            ],
            [
              -74.004016,
              -2.587818
            ],
            [
              -74.002851,
              -2.588649
            ],
            [
              -74.002219,
              -2.588811
            ],
            [
              -74.001481,
              -2.587933
            ],
            [
              -74.001636,
              -2.587354
            ],
            [
              -74.002415,
              -2.58655
            ],
            [
              -74.00237,
              -2.585645
            ],
            [
              -74.0016,
              -2.585174
            ],
            [
              -73.999804,
              -2.584585
            ],
            [
              -73.998663,
              -2.585018
            ],
            [
              -73.998039,
              -2.584484
            ],
            [
              -73.997765,
              -2.583543
            ],
            [
              -73.996433,
              -2.583705
            ],
            [
              -73.994661,
              -2.583305
            ],
            [
              -73.994182,
              -2.583585
            ],
            [
              -73.993006,
              -2.58543
            ],
            [
              -73.992506,
              -2.585565
            ],
            [
              -73.991913,
              -2.585375
            ],
            [
              -73.991248,
              -2.584524
            ],
            [
              -73.991236,
              -2.583628
            ],
            [
              -73.991589,
              -2.582697
            ],
            [
              -73.992477,
              -2.582101
            ],
            [
              -73.992714,
              -2.581621
            ],
            [
              -73.990497,
              -2.578942
            ],
            [
              -73.990577,
              -2.578336
            ],
            [
              -73.99039,
              -2.578128
            ],
            [
              -73.988635,
              -2.578172
            ],
            [
              -73.987599,
              -2.578424
            ],
            [
              -73.987285,
              -2.578759
            ],
            [
              -73.987566,
              -2.579419
            ],
            [
              -73.987523,
              -2.579935
            ],
            [
              -73.986723,
              -2.58054
            ],
            [
              -73.985761,
              -2.580729
            ],
            [
              -73.984194,
              -2.580493
            ],
            [
              -73.983434,
              -2.579579
            ],
            [
              -73.983151,
              -2.578737
            ],
            [
              -73.982796,
              -2.578674
            ],
            [
              -73.982887,
              -2.580718
            ],
            [
              -73.98267,
              -2.581206
            ],
            [
              -73.982935,
              -2.582708
            ],
            [
              -73.98239,
              -2.583422
            ],
            [
              -73.981651,
              -2.58363
            ],
            [
              -73.981329,
              -2.583304
            ],
            [
              -73.979925,
              -2.582796
            ],
            [
              -73.979038,
              -2.581565
            ],
            [
              -73.978634,
              -2.578923
            ],
            [
              -73.979045,
              -2.578019
            ],
            [
              -73.980129,
              -2.576944
            ],
            [
              -73.980219,
              -2.576591
            ],
            [
              -73.979419,
              -2.575903
            ],
            [
              -73.978492,
              -2.575839
            ],
            [
              -73.978458,
              -2.617738
            ],
            [
              -73.978421,
              -2.662967
            ]
          ]
        ]
      }
    },
    {
      "type": "Feature",
      "properties": {
        "HA": 9548.14320087,
        "CONTRATO_1": "16-LOR-MAY/CON-MAD-2018-009",
        "comprado": "Consorcio GGF Group",
        "py_carbono": "Loreto 1",
        "nombre": "Tacsha 7"
      },
      "geometry": {
        "type": "Polygon",
        "coordinates": [
          [
            [
              -73.753635,
              -2.582781
            ],
            [
              -73.753601,
              -2.617534
            ],
            [
              -73.753556,
              -2.662759
            ],
            [
              -73.75351,
              -2.707984
            ],
            [
              -73.753463,
              -2.753208
            ],
            [
              -73.798438,
              -2.753255
            ],
            [
              -73.798483,
              -2.708029
            ],
            [
              -73.798483,
              -2.707876
            ],
            [
              -73.798527,
              -2.662804
            ],
            [
              -73.798571,
              -2.617578
            ],
            [
              -73.798603,
              -2.583067
            ],
            [
              -73.798603,
              -2.583042
            ],
            [
              -73.798274,
              -2.582944
            ],
            [
              -73.797191,
              -2.582017
            ],
            [
              -73.795685,
              -2.579699
            ],
            [
              -73.790379,
              -2.578241
            ],
            [
              -73.790095,
              -2.577593
            ],
            [
              -73.791021,
              -2.575998
            ],
            [
              -73.790832,
              -2.57572
            ],
            [
              -73.789248,
              -2.576841
            ],
            [
              -73.786208,
              -2.577502
            ],
            [
              -73.785937,
              -2.577972
            ],
            [
              -73.786081,
              -2.579215
            ],
            [
              -73.785291,
              -2.579628
            ],
            [
              -73.784803,
              -2.57947
            ],
            [
              -73.783457,
              -2.578305
            ],
            [
              -73.78165,
              -2.578747
            ],
            [
              -73.780866,
              -2.578599
            ],
            [
              -73.780588,
              -2.578143
            ],
            [
              -73.780887,
              -2.576561
            ],
            [
              -73.780469,
              -2.57635
            ],
            [
              -73.779316,
              -2.577181
            ],
            [
              -73.779069,
              -2.578585
            ],
            [
              -73.778327,
              -2.579713
            ],
            [
              -73.77737,
              -2.580152
            ],
            [
              -73.776052,
              -2.580405
            ],
            [
              -73.775122,
              -2.580106
            ],
            [
              -73.774386,
              -2.579413
            ],
            [
              -73.774765,
              -2.577611
            ],
            [
              -73.774755,
              -2.576167
            ],
            [
              -73.774542,
              -2.575702
            ],
            [
              -73.773839,
              -2.575474
            ],
            [
              -73.772327,
              -2.577977
            ],
            [
              -73.773919,
              -2.579334
            ],
            [
              -73.774084,
              -2.580034
            ],
            [
              -73.773972,
              -2.580923
            ],
            [
              -73.773197,
              -2.581365
            ],
            [
              -73.771563,
              -2.580923
            ],
            [
              -73.770965,
              -2.580402
            ],
            [
              -73.770043,
              -2.578761
            ],
            [
              -73.769719,
              -2.578567
            ],
            [
              -73.769566,
              -2.579205
            ],
            [
              -73.770397,
              -2.58098
            ],
            [
              -73.770442,
              -2.582147
            ],
            [
              -73.7702,
              -2.582621
            ],
            [
              -73.769717,
              -2.582831
            ],
            [
              -73.768665,
              -2.582711
            ],
            [
              -73.767924,
              -2.581714
            ],
            [
              -73.767614,
              -2.578935
            ],
            [
              -73.76731,
              -2.578675
            ],
            [
              -73.766686,
              -2.578734
            ],
            [
              -73.765775,
              -2.581248
            ],
            [
              -73.765914,
              -2.581653
            ],
            [
              -73.766575,
              -2.582265
            ],
            [
              -73.767237,
              -2.583617
            ],
            [
              -73.767348,
              -2.584512
            ],
            [
              -73.766877,
              -2.58539
            ],
            [
              -73.766041,
              -2.585637
            ],
            [
              -73.765187,
              -2.585209
            ],
            [
              -73.763429,
              -2.58316
            ],
            [
              -73.762087,
              -2.581989
            ],
            [
              -73.761539,
              -2.582216
            ],
            [
              -73.761707,
              -2.584801
            ],
            [
              -73.76088,
              -2.585027
            ],
            [
              -73.760146,
              -2.584711
            ],
            [
              -73.759237,
              -2.583728
            ],
            [
              -73.758588,
              -2.583453
            ],
            [
              -73.757559,
              -2.582464
            ],
            [
              -73.756758,
              -2.582163
            ],
            [
              -73.756352,
              -2.582184
            ],
            [
              -73.755453,
              -2.5833
            ],
            [
              -73.754238,
              -2.583159
            ],
            [
              -73.753635,
              -2.582781
            ]
          ]
        ]
      }
    },
    {
      "type": "Feature",
      "properties": {
        "HA": 29125.120376,
        "CONTRATO_1": "16-IQU/C-J-099-04",
        "comprado": "Consorcio GGF Group",
        "py_carbono": "Loreto 1",
        "nombre": "San Regis"
      },
      "geometry": {
        "type": "Polygon",
        "coordinates": [
          [
            [
              -73.976667,
              -4.291161
            ],
            [
              -73.931615,
              -4.291099
            ],
            [
              -73.886564,
              -4.291035
            ],
            [
              -73.841514,
              -4.290968
            ],
            [
              -73.841446,
              -4.336192
            ],
            [
              -73.841437,
              -4.341588
            ],
            [
              -73.841376,
              -4.381417
            ],
            [
              -73.841306,
              -4.426642
            ],
            [
              -73.841273,
              -4.448295
            ],
            [
              -73.841279,
              -4.448295
            ],
            [
              -73.843235,
              -4.447131
            ],
            [
              -73.845265,
              -4.446112
            ],
            [
              -73.847288,
              -4.445094
            ],
            [
              -73.849286,
              -4.444011
            ],
            [
              -73.851319,
              -4.44301
            ],
            [
              -73.853437,
              -4.4422
            ],
            [
              -73.855599,
              -4.441507
            ],
            [
              -73.857713,
              -4.440669
            ],
            [
              -73.859801,
              -4.439786
            ],
            [
              -73.861951,
              -4.43911
            ],
            [
              -73.864173,
              -4.438662
            ],
            [
              -73.866396,
              -4.438213
            ],
            [
              -73.868622,
              -4.437773
            ],
            [
              -73.870849,
              -4.437333
            ],
            [
              -73.873077,
              -4.436893
            ],
            [
              -73.875305,
              -4.436463
            ],
            [
              -73.877534,
              -4.436032
            ],
            [
              -73.879762,
              -4.435601
            ],
            [
              -73.88199,
              -4.435161
            ],
            [
              -73.884218,
              -4.434721
            ],
            [
              -73.886353,
              -4.434299
            ],
            [
              -73.886444,
              -4.434282
            ],
            [
              -73.888627,
              -4.433679
            ],
            [
              -73.890625,
              -4.432615
            ],
            [
              -73.892223,
              -4.430998
            ],
            [
              -73.894015,
              -4.429617
            ],
            [
              -73.895998,
              -4.428516
            ],
            [
              -73.897982,
              -4.427407
            ],
            [
              -73.899342,
              -4.42673
            ],
            [
              -73.900013,
              -4.426397
            ],
            [
              -73.901997,
              -4.425287
            ],
            [
              -73.90398,
              -4.424177
            ],
            [
              -73.905947,
              -4.42305
            ],
            [
              -73.907773,
              -4.421696
            ],
            [
              -73.909468,
              -4.420178
            ],
            [
              -73.911137,
              -4.418643
            ],
            [
              -73.912759,
              -4.417045
            ],
            [
              -73.914372,
              -4.415446
            ],
            [
              -73.916052,
              -4.41392
            ],
            [
              -73.917797,
              -4.412457
            ],
            [
              -73.91962,
              -4.411112
            ],
            [
              -73.921153,
              -4.410149
            ],
            [
              -73.92116,
              -4.405624
            ],
            [
              -73.94567,
              -4.393771
            ],
            [
              -73.968094,
              -4.393766
            ],
            [
              -73.976529,
              -4.393764
            ],
            [
              -74.06011,
              -4.393735
            ],
            [
              -74.06018,
              -4.342011
            ],
            [
              -74.060124,
              -4.342011
            ],
            [
              -74.021654,
              -4.342002
            ],
            [
              -74.021658,
              -4.339284
            ],
            [
              -74.021662,
              -4.336447
            ],
            [
              -74.021719,
              -4.29122
            ],
            [
              -73.976667,
              -4.291161
            ]
          ]
        ]
      }
    },
    {
      "type": "Feature",
      "properties": {
        "HA": 11366.7340333,
        "CONTRATO_1": "16-LOR-MAY/CON-MAD-2021-018",
        "comprado": "Oroza",
        "py_carbono": "Loreto 2",
        "nombre": "Tacsha 12"
      },
      "geometry": {
        "type": "Polygon",
        "coordinates": [
          [
            [
              -73.881159,
              -2.906501
            ],
            [
              -73.880573,
              -2.906509
            ],
            [
              -73.878998,
              -2.905648
            ],
            [
              -73.878454,
              -2.905684
            ],
            [
              -73.876223,
              -2.907988
            ],
            [
              -73.874063,
              -2.909026
            ],
            [
              -73.872313,
              -2.910544
            ],
            [
              -73.86983,
              -2.912278
            ],
            [
              -73.869202,
              -2.912368
            ],
            [
              -73.868818,
              -2.912178
            ],
            [
              -73.868211,
              -2.911499
            ],
            [
              -73.868066,
              -2.910341
            ],
            [
              -73.867491,
              -2.910096
            ],
            [
              -73.866937,
              -2.910322
            ],
            [
              -73.865776,
              -2.91146
            ],
            [
              -73.864642,
              -2.911966
            ],
            [
              -73.861833,
              -2.912424
            ],
            [
              -73.860793,
              -2.912278
            ],
            [
              -73.860718,
              -2.912721
            ],
            [
              -73.861009,
              -2.913029
            ],
            [
              -73.86269,
              -2.913149
            ],
            [
              -73.863339,
              -2.913647
            ],
            [
              -73.863354,
              -2.914
            ],
            [
              -73.862297,
              -2.91531
            ],
            [
              -73.859636,
              -2.917125
            ],
            [
              -73.858663,
              -2.91755
            ],
            [
              -73.857443,
              -2.917458
            ],
            [
              -73.857807,
              -2.9181
            ],
            [
              -73.85921,
              -2.919052
            ],
            [
              -73.859522,
              -2.920264
            ],
            [
              -73.858636,
              -2.921475
            ],
            [
              -73.857038,
              -2.922631
            ],
            [
              -73.855729,
              -2.922702
            ],
            [
              -73.85473,
              -2.922132
            ],
            [
              -73.854084,
              -2.920955
            ],
            [
              -73.85393,
              -2.917934
            ],
            [
              -73.852883,
              -2.916684
            ],
            [
              -73.851893,
              -2.916322
            ],
            [
              -73.851349,
              -2.916547
            ],
            [
              -73.850778,
              -2.918328
            ],
            [
              -73.85093,
              -2.919306
            ],
            [
              -73.851642,
              -2.920446
            ],
            [
              -73.851671,
              -2.921161
            ],
            [
              -73.852144,
              -2.922129
            ],
            [
              -73.852089,
              -2.923033
            ],
            [
              -73.851706,
              -2.923603
            ],
            [
              -73.850969,
              -2.923955
            ],
            [
              -73.850266,
              -2.9238
            ],
            [
              -73.846997,
              -2.922169
            ],
            [
              -73.845861,
              -2.921308
            ],
            [
              -73.845044,
              -2.921208
            ],
            [
              -73.84402,
              -2.920664
            ],
            [
              -73.843248,
              -2.920591
            ],
            [
              -73.843234,
              -2.934204
            ],
            [
              -73.843187,
              -2.97943
            ],
            [
              -73.843139,
              -3.024656
            ],
            [
              -73.843091,
              -3.069882
            ],
            [
              -73.88808,
              -3.06993
            ],
            [
              -73.932953,
              -3.069976
            ],
            [
              -73.93307,
              -3.069976
            ],
            [
              -73.937879,
              -3.069981
            ],
            [
              -73.937923,
              -3.024754
            ],
            [
              -73.933114,
              -3.024749
            ],
            [
              -73.888126,
              -3.024703
            ],
            [
              -73.888172,
              -2.979477
            ],
            [
              -73.888217,
              -2.93425
            ],
            [
              -73.88824,
              -2.910777
            ],
            [
              -73.88824,
              -2.910623
            ],
            [
              -73.886758,
              -2.910649
            ],
            [
              -73.885671,
              -2.910232
            ],
            [
              -73.885453,
              -2.909391
            ],
            [
              -73.886494,
              -2.907429
            ],
            [
              -73.886428,
              -2.907067
            ],
            [
              -73.886137,
              -2.906868
            ],
            [
              -73.885701,
              -2.90693
            ],
            [
              -73.885257,
              -2.907491
            ],
            [
              -73.884941,
              -2.909616
            ],
            [
              -73.884618,
              -2.910023
            ],
            [
              -73.883813,
              -2.910366
            ],
            [
              -73.882909,
              -2.909596
            ],
            [
              -73.88293,
              -2.908637
            ],
            [
              -73.883819,
              -2.906675
            ],
            [
              -73.886378,
              -2.90363
            ],
            [
              -73.885876,
              -2.903032
            ],
            [
              -73.884987,
              -2.902977
            ],
            [
              -73.884049,
              -2.903645
            ],
            [
              -73.882331,
              -2.905805
            ],
            [
              -73.881159,
              -2.906501
            ]
          ],
          [
            [
              -73.866909,
              -2.912294
            ],
            [
              -73.868479,
              -2.913299
            ],
            [
              -73.869655,
              -2.91302
            ],
            [
              -73.869999,
              -2.9135
            ],
            [
              -73.869751,
              -2.913943
            ],
            [
              -73.869062,
              -2.914132
            ],
            [
              -73.867741,
              -2.913606
            ],
            [
              -73.866518,
              -2.912727
            ],
            [
              -73.866065,
              -2.912781
            ],
            [
              -73.865475,
              -2.913233
            ],
            [
              -73.86566,
              -2.915449
            ],
            [
              -73.865468,
              -2.916598
            ],
            [
              -73.865149,
              -2.91714
            ],
            [
              -73.865093,
              -2.918054
            ],
            [
              -73.865254,
              -2.918823
            ],
            [
              -73.865773,
              -2.91933
            ],
            [
              -73.866221,
              -2.919321
            ],
            [
              -73.869227,
              -2.91567
            ],
            [
              -73.869938,
              -2.915499
            ],
            [
              -73.870909,
              -2.9155
            ],
            [
              -73.872063,
              -2.914768
            ],
            [
              -73.872269,
              -2.914407
            ],
            [
              -73.872021,
              -2.913457
            ],
            [
              -73.872334,
              -2.91305
            ],
            [
              -73.872777,
              -2.913132
            ],
            [
              -73.87313,
              -2.913666
            ],
            [
              -73.873145,
              -2.914625
            ],
            [
              -73.871873,
              -2.915609
            ],
            [
              -73.871454,
              -2.915527
            ],
            [
              -73.870693,
              -2.915997
            ],
            [
              -73.870085,
              -2.915834
            ],
            [
              -73.869682,
              -2.916141
            ],
            [
              -73.868559,
              -2.917451
            ],
            [
              -73.86829,
              -2.918889
            ],
            [
              -73.867781,
              -2.919513
            ],
            [
              -73.86723,
              -2.919982
            ],
            [
              -73.866225,
              -2.920361
            ],
            [
              -73.865702,
              -2.920343
            ],
            [
              -73.86492,
              -2.919881
            ],
            [
              -73.86455,
              -2.918885
            ],
            [
              -73.864447,
              -2.917628
            ],
            [
              -73.864887,
              -2.91534
            ],
            [
              -73.864919,
              -2.913404
            ],
            [
              -73.865432,
              -2.91231
            ],
            [
              -73.865927,
              -2.912157
            ],
            [
              -73.866909,
              -2.912294
            ]
          ]
        ]
      }
    },
    {
      "type": "Feature",
      "properties": {
        "HA": 47952.1759503,
        "CONTRATO_1": "16-LOR-MAY/CON-MAD-2017-024",
        "comprado": "Oroza",
        "py_carbono": "Loreto 2",
        "nombre": "Tacsha 11"
      },
      "geometry": {
        "type": "MultiPolygon",
        "coordinates": [
          [
            [
              [
                -73.753009,
                -3.160229
              ],
              [
                -73.708018,
                -3.160174
              ],
              [
                -73.707962,
                -3.205398
              ],
              [
                -73.752954,
                -3.205454
              ],
              [
                -73.752899,
                -3.250678
              ],
              [
                -73.75286,
                -3.282091
              ],
              [
                -73.780548,
                -3.272968
              ],
              [
                -73.823609,
                -3.24653
              ],
              [
                -73.853194,
                -3.205617
              ],
              [
                -73.868674,
                -3.205703
              ],
              [
                -73.889491,
                -3.179012
              ],
              [
                -73.922211,
                -3.16042
              ],
              [
                -73.938543,
                -3.149322
              ],
              [
                -73.953565,
                -3.115224
              ],
              [
                -73.978017,
                -3.115248
              ],
              [
                -73.978904,
                -3.115249
              ],
              [
                -74.001042,
                -3.070074
              ],
              [
                -73.97806,
                -3.07002
              ],
              [
                -73.937879,
                -3.069981
              ],
              [
                -73.93307,
                -3.069976
              ],
              [
                -73.932953,
                -3.069976
              ],
              [
                -73.88808,
                -3.06993
              ],
              [
                -73.843091,
                -3.069882
              ],
              [
                -73.798103,
                -3.069832
              ],
              [
                -73.798052,
                -3.115058
              ],
              [
                -73.798,
                -3.160283
              ],
              [
                -73.753009,
                -3.160229
              ]
            ]
          ],
          [
            [
              [
                -73.708219,
                -2.993507
              ],
              [
                -73.708182,
                -3.024503
              ],
              [
                -73.708128,
                -3.069727
              ],
              [
                -73.708074,
                -3.114951
              ],
              [
                -73.753062,
                -3.115005
              ],
              [
                -73.753115,
                -3.069781
              ],
              [
                -73.798103,
                -3.069832
              ],
              [
                -73.798153,
                -3.024607
              ],
              [
                -73.798202,
                -2.979382
              ],
              [
                -73.798238,
                -2.946105
              ],
              [
                -73.79812,
                -2.945924
              ],
              [
                -73.798199,
                -2.944766
              ],
              [
                -73.79824,
                -2.94464
              ],
              [
                -73.798528,
                -2.943745
              ],
              [
                -73.798366,
                -2.942876
              ],
              [
                -73.798242,
                -2.942867
              ],
              [
                -73.798096,
                -2.942858
              ],
              [
                -73.797483,
                -2.943382
              ],
              [
                -73.797176,
                -2.944512
              ],
              [
                -73.797154,
                -2.94557
              ],
              [
                -73.795928,
                -2.947441
              ],
              [
                -73.795317,
                -2.947793
              ],
              [
                -73.794496,
                -2.947557
              ],
              [
                -73.793423,
                -2.947683
              ],
              [
                -73.793031,
                -2.947917
              ],
              [
                -73.794321,
                -2.949619
              ],
              [
                -73.79413,
                -2.950578
              ],
              [
                -73.790681,
                -2.953396
              ],
              [
                -73.788436,
                -2.953855
              ],
              [
                -73.786851,
                -2.95568
              ],
              [
                -73.78589,
                -2.95586
              ],
              [
                -73.784796,
                -2.955515
              ],
              [
                -73.783379,
                -2.954157
              ],
              [
                -73.781901,
                -2.951957
              ],
              [
                -73.781137,
                -2.951812
              ],
              [
                -73.779969,
                -2.95371
              ],
              [
                -73.779089,
                -2.956612
              ],
              [
                -73.777457,
                -2.958501
              ],
              [
                -73.774758,
                -2.959014
              ],
              [
                -73.771548,
                -2.958368
              ],
              [
                -73.771205,
                -2.958983
              ],
              [
                -73.772381,
                -2.960087
              ],
              [
                -73.773085,
                -2.96026
              ],
              [
                -73.778333,
                -2.960085
              ],
              [
                -73.780341,
                -2.961299
              ],
              [
                -73.781002,
                -2.962132
              ],
              [
                -73.780948,
                -2.962756
              ],
              [
                -73.778721,
                -2.96516
              ],
              [
                -73.778701,
                -2.966109
              ],
              [
                -73.779662,
                -2.968127
              ],
              [
                -73.779762,
                -2.968933
              ],
              [
                -73.778986,
                -2.970008
              ],
              [
                -73.77828,
                -2.970523
              ],
              [
                -73.777755,
                -2.970414
              ],
              [
                -73.776998,
                -2.96978
              ],
              [
                -73.77563,
                -2.967571
              ],
              [
                -73.774273,
                -2.966059
              ],
              [
                -73.772702,
                -2.965406
              ],
              [
                -73.771836,
                -2.965622
              ],
              [
                -73.771969,
                -2.967477
              ],
              [
                -73.773434,
                -2.967288
              ],
              [
                -73.773678,
                -2.967578
              ],
              [
                -73.773806,
                -2.968383
              ],
              [
                -73.774767,
                -2.968502
              ],
              [
                -73.775323,
                -2.968946
              ],
              [
                -73.775335,
                -2.969488
              ],
              [
                -73.773808,
                -2.971024
              ],
              [
                -73.773179,
                -2.970336
              ],
              [
                -73.773586,
                -2.969993
              ],
              [
                -73.774279,
                -2.969939
              ],
              [
                -73.774561,
                -2.969261
              ],
              [
                -73.773888,
                -2.968863
              ],
              [
                -73.773166,
                -2.96888
              ],
              [
                -73.773124,
                -2.968066
              ],
              [
                -73.772824,
                -2.967848
              ],
              [
                -73.771642,
                -2.968345
              ],
              [
                -73.771661,
                -2.96915
              ],
              [
                -73.771063,
                -2.969701
              ],
              [
                -73.770083,
                -2.969672
              ],
              [
                -73.769555,
                -2.969202
              ],
              [
                -73.76947,
                -2.968053
              ],
              [
                -73.77014,
                -2.967221
              ],
              [
                -73.77041,
                -2.967611
              ],
              [
                -73.770049,
                -2.968696
              ],
              [
                -73.770378,
                -2.968823
              ],
              [
                -73.770629,
                -2.968588
              ],
              [
                -73.77102,
                -2.967485
              ],
              [
                -73.771105,
                -2.966264
              ],
              [
                -73.770838,
                -2.965947
              ],
              [
                -73.769389,
                -2.966008
              ],
              [
                -73.76859,
                -2.965275
              ],
              [
                -73.768601,
                -2.964814
              ],
              [
                -73.770807,
                -2.962519
              ],
              [
                -73.77048,
                -2.961939
              ],
              [
                -73.769513,
                -2.962526
              ],
              [
                -73.768573,
                -2.963945
              ],
              [
                -73.768149,
                -2.965573
              ],
              [
                -73.76752,
                -2.966549
              ],
              [
                -73.76674,
                -2.968999
              ],
              [
                -73.765235,
                -2.970409
              ],
              [
                -73.764157,
                -2.970824
              ],
              [
                -73.763475,
                -2.970624
              ],
              [
                -73.762872,
                -2.969963
              ],
              [
                -73.762887,
                -2.968715
              ],
              [
                -73.76203,
                -2.967049
              ],
              [
                -73.76188,
                -2.965358
              ],
              [
                -73.761553,
                -2.964969
              ],
              [
                -73.761491,
                -2.964082
              ],
              [
                -73.762117,
                -2.963124
              ],
              [
                -73.764458,
                -2.962647
              ],
              [
                -73.764751,
                -2.962123
              ],
              [
                -73.76438,
                -2.961842
              ],
              [
                -73.761894,
                -2.961704
              ],
              [
                -73.760315,
                -2.961946
              ],
              [
                -73.758847,
                -2.962786
              ],
              [
                -73.757719,
                -2.963047
              ],
              [
                -73.75555,
                -2.964283
              ],
              [
                -73.754327,
                -2.96534
              ],
              [
                -73.753548,
                -2.966416
              ],
              [
                -73.753231,
                -2.968288
              ],
              [
                -73.753129,
                -2.968894
              ],
              [
                -73.753189,
                -2.970332
              ],
              [
                -73.753228,
                -2.970413
              ],
              [
                -73.754239,
                -2.972486
              ],
              [
                -73.756171,
                -2.974215
              ],
              [
                -73.756249,
                -2.975021
              ],
              [
                -73.755683,
                -2.976033
              ],
              [
                -73.754636,
                -2.976195
              ],
              [
                -73.753221,
                -2.976781
              ],
              [
                -73.753181,
                -2.976799
              ],
              [
                -73.752269,
                -2.977503
              ],
              [
                -73.751059,
                -2.979329
              ],
              [
                -73.750735,
                -2.979817
              ],
              [
                -73.750609,
                -2.980694
              ],
              [
                -73.750884,
                -2.982006
              ],
              [
                -73.751823,
                -2.982559
              ],
              [
                -73.753215,
                -2.982597
              ],
              [
                -73.756534,
                -2.982691
              ],
              [
                -73.757337,
                -2.982936
              ],
              [
                -73.759139,
                -2.982793
              ],
              [
                -73.760189,
                -2.98237
              ],
              [
                -73.761159,
                -2.981168
              ],
              [
                -73.761346,
                -2.980119
              ],
              [
                -73.761095,
                -2.97934
              ],
              [
                -73.761022,
                -2.979114
              ],
              [
                -73.760374,
                -2.978797
              ],
              [
                -73.759791,
                -2.979041
              ],
              [
                -73.759618,
                -2.979339
              ],
              [
                -73.759208,
                -2.980044
              ],
              [
                -73.758758,
                -2.981744
              ],
              [
                -73.757997,
                -2.982231
              ],
              [
                -73.757021,
                -2.982339
              ],
              [
                -73.756136,
                -2.982238
              ],
              [
                -73.754457,
                -2.981594
              ],
              [
                -73.753828,
                -2.980816
              ],
              [
                -73.753899,
                -2.979332
              ],
              [
                -73.753914,
                -2.979034
              ],
              [
                -73.754115,
                -2.978853
              ],
              [
                -73.754351,
                -2.978962
              ],
              [
                -73.754373,
                -2.979333
              ],
              [
                -73.754441,
                -2.980473
              ],
              [
                -73.754949,
                -2.980989
              ],
              [
                -73.756316,
                -2.981642
              ],
              [
                -73.757469,
                -2.98176
              ],
              [
                -73.75839,
                -2.980929
              ],
              [
                -73.758923,
                -2.979338
              ],
              [
                -73.758966,
                -2.979211
              ],
              [
                -73.759532,
                -2.97838
              ],
              [
                -73.759888,
                -2.97819
              ],
              [
                -73.760715,
                -2.978255
              ],
              [
                -73.761839,
                -2.97897
              ],
              [
                -73.76196,
                -2.979341
              ],
              [
                -73.762164,
                -2.979966
              ],
              [
                -73.761616,
                -2.982109
              ],
              [
                -73.760428,
                -2.983428
              ],
              [
                -73.758251,
                -2.983796
              ],
              [
                -73.755086,
                -2.983304
              ],
              [
                -73.753214,
                -2.983293
              ],
              [
                -73.752327,
                -2.983292
              ],
              [
                -73.750739,
                -2.982983
              ],
              [
                -73.750015,
                -2.982231
              ],
              [
                -73.750202,
                -2.979771
              ],
              [
                -73.750127,
                -2.979328
              ],
              [
                -73.75008,
                -2.979048
              ],
              [
                -73.748812,
                -2.978151
              ],
              [
                -73.748202,
                -2.97824
              ],
              [
                -73.747727,
                -2.978783
              ],
              [
                -73.747528,
                -2.979325
              ],
              [
                -73.746927,
                -2.980962
              ],
              [
                -73.745594,
                -2.982859
              ],
              [
                -73.745334,
                -2.984352
              ],
              [
                -73.745581,
                -2.984732
              ],
              [
                -73.74609,
                -2.984832
              ],
              [
                -73.74699,
                -2.984751
              ],
              [
                -73.747897,
                -2.984391
              ],
              [
                -73.749318,
                -2.984492
              ],
              [
                -73.749628,
                -2.984791
              ],
              [
                -73.749716,
                -2.985605
              ],
              [
                -73.746727,
                -2.988894
              ],
              [
                -73.745987,
                -2.989363
              ],
              [
                -73.74522,
                -2.989525
              ],
              [
                -73.744117,
                -2.989153
              ],
              [
                -73.742052,
                -2.987061
              ],
              [
                -73.74185,
                -2.986383
              ],
              [
                -73.741933,
                -2.985659
              ],
              [
                -73.742753,
                -2.984611
              ],
              [
                -73.742944,
                -2.983652
              ],
              [
                -73.742824,
                -2.983299
              ],
              [
                -73.742021,
                -2.982575
              ],
              [
                -73.739743,
                -2.982509
              ],
              [
                -73.738873,
                -2.983747
              ],
              [
                -73.738277,
                -2.985302
              ],
              [
                -73.736999,
                -2.986567
              ],
              [
                -73.736184,
                -2.986874
              ],
              [
                -73.735581,
                -2.986701
              ],
              [
                -73.734686,
                -2.985805
              ],
              [
                -73.734925,
                -2.98216
              ],
              [
                -73.734659,
                -2.981789
              ],
              [
                -73.73405,
                -2.981607
              ],
              [
                -73.733144,
                -2.983107
              ],
              [
                -73.733106,
                -2.987313
              ],
              [
                -73.732736,
                -2.98753
              ],
              [
                -73.731745,
                -2.987474
              ],
              [
                -73.730355,
                -2.985989
              ],
              [
                -73.729895,
                -2.983067
              ],
              [
                -73.729512,
                -2.98219
              ],
              [
                -73.728743,
                -2.981176
              ],
              [
                -73.727496,
                -2.980478
              ],
              [
                -73.726934,
                -2.980785
              ],
              [
                -73.726563,
                -2.981408
              ],
              [
                -73.726715,
                -2.982467
              ],
              [
                -73.727402,
                -2.983833
              ],
              [
                -73.727646,
                -2.985037
              ],
              [
                -73.72762,
                -2.986484
              ],
              [
                -73.726997,
                -2.988464
              ],
              [
                -73.726054,
                -2.989639
              ],
              [
                -73.725046,
                -2.990379
              ],
              [
                -73.723026,
                -2.991317
              ],
              [
                -73.721694,
                -2.992519
              ],
              [
                -73.720677,
                -2.992798
              ],
              [
                -73.720073,
                -2.992671
              ],
              [
                -73.719634,
                -2.992227
              ],
              [
                -73.720137,
                -2.990518
              ],
              [
                -73.720068,
                -2.989894
              ],
              [
                -73.719794,
                -2.989532
              ],
              [
                -73.717443,
                -2.989041
              ],
              [
                -73.713983,
                -2.989154
              ],
              [
                -73.712718,
                -2.98832
              ],
              [
                -73.712351,
                -2.987407
              ],
              [
                -73.71117,
                -2.985822
              ],
              [
                -73.710705,
                -2.985605
              ],
              [
                -73.710068,
                -2.985667
              ],
              [
                -73.709823,
                -2.985956
              ],
              [
                -73.709771,
                -2.986571
              ],
              [
                -73.709955,
                -2.988335
              ],
              [
                -73.711577,
                -2.989269
              ],
              [
                -73.714407,
                -2.990005
              ],
              [
                -73.715882,
                -2.991137
              ],
              [
                -73.716236,
                -2.991924
              ],
              [
                -73.716371,
                -2.993254
              ],
              [
                -73.71558,
                -2.994438
              ],
              [
                -73.71461,
                -2.995043
              ],
              [
                -73.711409,
                -2.995021
              ],
              [
                -73.708219,
                -2.993507
              ]
            ]
          ]
        ]
      }
    },
    {
      "type": "Feature",
      "properties": {
        "HA": 12067.3681276,
        "CONTRATO_1": "16-LOR-MAY/CON-MAD-2018-007",
        "comprado": "Consorcio GGF Group",
        "py_carbono": "Loreto 2",
        "nombre": "Tacsha 5"
      },
      "geometry": {
        "type": "Polygon",
        "coordinates": [
          [
            [
              -73.844666,
              -2.576879
            ],
            [
              -73.844438,
              -2.578735
            ],
            [
              -73.843754,
              -2.579435
            ],
            [
              -73.843576,
              -2.579371
            ],
            [
              -73.843576,
              -2.579402
            ],
            [
              -73.843576,
              -2.579524
            ],
            [
              -73.843542,
              -2.617621
            ],
            [
              -73.8435,
              -2.662847
            ],
            [
              -73.888473,
              -2.662888
            ],
            [
              -73.888432,
              -2.708115
            ],
            [
              -73.933407,
              -2.708156
            ],
            [
              -73.978384,
              -2.708195
            ],
            [
              -73.978421,
              -2.662967
            ],
            [
              -73.933447,
              -2.662928
            ],
            [
              -73.933485,
              -2.617701
            ],
            [
              -73.888513,
              -2.617661
            ],
            [
              -73.888543,
              -2.583717
            ],
            [
              -73.888255,
              -2.58368
            ],
            [
              -73.8877,
              -2.58324
            ],
            [
              -73.886725,
              -2.581734
            ],
            [
              -73.886359,
              -2.581779
            ],
            [
              -73.886678,
              -2.583438
            ],
            [
              -73.887753,
              -2.585392
            ],
            [
              -73.887492,
              -2.585964
            ],
            [
              -73.883317,
              -2.58684
            ],
            [
              -73.882737,
              -2.587376
            ],
            [
              -73.882531,
              -2.588062
            ],
            [
              -73.881728,
              -2.588637
            ],
            [
              -73.878449,
              -2.588858
            ],
            [
              -73.877409,
              -2.588426
            ],
            [
              -73.877472,
              -2.587552
            ],
            [
              -73.878143,
              -2.586383
            ],
            [
              -73.878165,
              -2.58495
            ],
            [
              -73.877605,
              -2.58345
            ],
            [
              -73.876925,
              -2.582738
            ],
            [
              -73.876124,
              -2.583059
            ],
            [
              -73.875901,
              -2.583538
            ],
            [
              -73.876852,
              -2.585857
            ],
            [
              -73.876722,
              -2.586347
            ],
            [
              -73.87587,
              -2.586861
            ],
            [
              -73.874808,
              -2.586696
            ],
            [
              -73.872253,
              -2.584646
            ],
            [
              -73.871321,
              -2.585649
            ],
            [
              -73.870787,
              -2.585721
            ],
            [
              -73.870353,
              -2.5856
            ],
            [
              -73.869401,
              -2.584657
            ],
            [
              -73.86728,
              -2.580832
            ],
            [
              -73.867497,
              -2.579639
            ],
            [
              -73.867141,
              -2.575629
            ],
            [
              -73.866717,
              -2.575275
            ],
            [
              -73.865314,
              -2.575541
            ],
            [
              -73.864893,
              -2.575244
            ],
            [
              -73.864834,
              -2.574619
            ],
            [
              -73.865481,
              -2.57334
            ],
            [
              -73.865394,
              -2.572447
            ],
            [
              -73.864244,
              -2.572698
            ],
            [
              -73.863838,
              -2.573074
            ],
            [
              -73.863827,
              -2.573762
            ],
            [
              -73.86431,
              -2.574923
            ],
            [
              -73.864302,
              -2.575723
            ],
            [
              -73.862754,
              -2.576818
            ],
            [
              -73.861939,
              -2.576638
            ],
            [
              -73.86125,
              -2.57559
            ],
            [
              -73.861056,
              -2.57318
            ],
            [
              -73.861715,
              -2.571524
            ],
            [
              -73.861327,
              -2.571232
            ],
            [
              -73.860404,
              -2.571925
            ],
            [
              -73.859894,
              -2.573057
            ],
            [
              -73.859946,
              -2.573865
            ],
            [
              -73.860709,
              -2.576155
            ],
            [
              -73.860544,
              -2.577366
            ],
            [
              -73.859918,
              -2.57737
            ],
            [
              -73.859385,
              -2.577078
            ],
            [
              -73.857678,
              -2.574658
            ],
            [
              -73.856204,
              -2.574403
            ],
            [
              -73.855152,
              -2.57362
            ],
            [
              -73.854924,
              -2.573882
            ],
            [
              -73.855055,
              -2.575655
            ],
            [
              -73.854243,
              -2.576201
            ],
            [
              -73.85298,
              -2.576116
            ],
            [
              -73.851797,
              -2.574679
            ],
            [
              -73.850817,
              -2.57436
            ],
            [
              -73.85088,
              -2.57703
            ],
            [
              -73.850416,
              -2.5776
            ],
            [
              -73.849797,
              -2.577807
            ],
            [
              -73.848807,
              -2.576932
            ],
            [
              -73.848248,
              -2.575836
            ],
            [
              -73.848467,
              -2.574662
            ],
            [
              -73.849212,
              -2.573439
            ],
            [
              -73.84927,
              -2.570747
            ],
            [
              -73.849146,
              -2.570342
            ],
            [
              -73.848373,
              -2.570217
            ],
            [
              -73.847685,
              -2.570433
            ],
            [
              -73.847128,
              -2.572596
            ],
            [
              -73.846382,
              -2.573711
            ],
            [
              -73.845699,
              -2.575648
            ],
            [
              -73.844666,
              -2.576879
            ]
          ]
        ]
      }
    }
  ]
}